1598466279.1703124,43.4099957,-72.0370204,1606094492.94051,89.46,1598466278.9909868,0.0430000014603138,1598466279.152133,-1.0,1598466279.1908803,-0.26183682916638534,-0.12466545187859038,1598466279.209829,-0.025390202192686454,-0.17159033711646637,-0.1121012006779713,-0.023427950218319893,0.036263357847929015,0.09608860313892365,1598466279.0,200826.0,142439.0,5.898717880249023,22.98418617248535,0.14753758907318115,99.92169952392578,7.2346110343933105,0.1039220541715622,103.92205047607422,0.23055066168308258,89.0534439086914,7.639567852020264
1598466280.170325,43.4099956,-72.0370235,1606094492.94051,89.46,1598466280.209919,0.08300000429153442,1598466280.452352,-1.0,1598466280.1708722,-0.07223084942520976,-0.034390469483749075,1598466280.1909435,-0.058563844463406005,-0.1264808373834579,-0.10768699166592559,0.016335556283593178,0.04413361102342606,0.052404128015041344,1598466280.0,200826.0,142440.0,5.898717880249023,22.981359481811523,0.14703525602817535,99.90894317626953,7.234366416931152,0.1039155125617981,103.91551208496094,0.22713394463062286,89.0410385131836,7.638969898223877
1598466287.1714306,43.4099915,-72.0370354,1606094493.740668,39.66,1598466286.8510892,0.15600000321865082,1598466286.75446,-1.0,1598466287.1908925,-0.11737513031596584,-0.05588451291109225,1598466287.1911495,-0.1849409532971409,-0.18211532553775517,-0.09426042635372771,0.03765995800495148,0.035289760679006583,0.06255317479372025,1598466287.0,200826.0,142447.0,5.898717880249023,22.96076011657715,0.14325271546840668,99.87483978271484,7.234318733215332,0.10392256826162338,103.92256927490234,0.21150356531143188,89.02281951904297,7.640437602996826
1598466293.1705754,43.409997,-72.0370242,1606094494.441034,41.29,1598466293.4498265,0.1380000114440918,1598466292.952523,5.199999809265137,1598466293.172084,-0.1444616988504195,-0.06878093896749815,1598466293.2111077,0.10733528728262098,-0.016716864070329653,-0.10451841280947628,-0.0005671139806509018,-0.07377173006534572,0.363188773393631,1598466293.0,200826.0,142453.0,5.898717880249023,22.965185165405273,0.1321897804737091,99.89904022216797,7.232232093811035,0.10393861681222916,103.93861389160156,0.21854129433631897,89.11862182617188,7.648426532745361
1598466297.1699116,43.4099989,-72.0370166,1606094494.840893,45.3,1598466297.4498694,0.12000000476837158,1598466297.280067,4.5,1598466297.1907625,-0.09028856178151219,-0.042988086854686344,1598466297.190852,-0.05854305256382093,-0.2080046119818817,-0.14233598666846153,-0.06611326336860657,0.038283705711364746,0.02251656167209148,1598466297.0,200826.0,142457.0,5.895567417144775,22.98375701904297,0.13430745899677277,99.97329711914062,7.23069429397583,0.1039775013923645,103.97750091552734,0.19923782348632812,89.23773193359375,7.657247066497803
1598466303.1696901,43.4099966,-72.0369998,1606094495.440769,62.05,1598466303.4488564,0.1680000126361847,1598466303.352484,-1.0,1598466303.1897333,-0.2693906784385937,0.01812904769683777,1598466303.2098062,-0.183574789546006,-0.0006928996234750195,-0.05970239409252434,-0.039072953164577484,0.164982870221138,-0.05334770679473879,1598466303.0,200826.0,142503.0,5.895567417144775,23.08721160888672,0.1369197964668274,100.34445190429688,7.227659702301025,0.1041494756937027,104.14947509765625,0.1743018478155136,89.72345733642578,7.686540126800537
1598466306.1696994,43.4100023,-72.0369913,1606094495.740974,57.49,1598466305.9299014,0.4300000071525574,1598466305.852486,-1.0,1598466306.1897748,0.4379542347604209,0.41011716405853355,1598466306.1900723,0.2322334680268113,0.1116125026203038,-0.11789558306084953,0.01645113155245781,0.03823902457952496,-0.2557793855667114,1598466306.0,200826.0,142506.0,5.898717880249023,23.19104766845703,0.13866232335567474,100.60989379882812,7.22560453414917,0.1042206808924675,104.2206802368164,0.17718231678009033,90.03826904296875,7.699985980987549
1598466307.1695385,43.4100045,-72.0369879,1606094495.840801,58.03,1598466306.9098227,0.16700001060962677,1598466307.052237,-1.0,1598466307.1897302,0.08029160970607717,0.07518814674406449,1598466307.1899827,0.25232085613704963,0.08714362370931829,-0.12221291392412446,0.012107327580451965,-0.02635911107063294,-0.05119023099541664,1598466307.0,200826.0,142507.0,5.898717880249023,23.226926803588867,0.13917598128318787,100.70423126220703,7.224832057952881,0.10423418879508972,104.23419189453125,0.17571648955345154,90.13204193115234,7.7019500732421875
1598466308.169529,43.4100062,-72.0369835,1606094495.940979,58.62,1598466307.9098887,0.22300000488758087,1598466308.152631,-1.0,1598466308.189811,0.08759084695208418,0.08202343281170671,1598466308.190097,0.37139514725547507,0.08851165196051293,-0.12704088214967596,0.09765726327896118,-0.014258511364459993,-0.011725932359695433,1598466308.0,200826.0,142508.0,5.898717880249023,23.268896102905273,0.1398751139640808,100.79125213623047,7.224005699157715,0.10423777997493744,104.23777770996094,0.17433585226535797,90.227783203125,7.704780578613281
1598466310.1694539,43.4100107,-72.0369695,1606094496.140747,55.13,1598466309.9292626,0.35600000619888306,1598466309.752335,-1.0,1598466310.1897922,0.45857538224195127,0.46066106716505606,1598466310.2089922,0.602629567127543,0.02053880405469939,-0.15177601798613743,0.012496490962803364,0.24214302003383636,0.009532859548926324,1598466310.0,200826.0,142510.0,5.898717880249023,23.349668502807617,0.14132678508758545,100.95611572265625,7.222113609313965,0.10424195975065231,104.24195861816406,0.1835075318813324,90.41155242919922,7.708527088165283
1598466311.169398,43.4100133,-72.036964,1606094496.240532,54.8,1598466310.9298606,0.578000009059906,1598466311.052608,-1.0,1598466311.1897278,0.22100984793378523,0.35714793449813637,1598466311.2089539,0.6026051977490655,0.09922320978333078,-0.18513788716742555,-0.07962819933891296,-0.09762321412563328,-0.393500417470932,1598466311.0,200826.0,142511.0,5.898717880249023,23.349668502807617,0.142047718167305,101.0345230102539,7.221144199371338,0.10424371808767319,104.24372100830078,0.19557546079158783,90.49398803710938,7.710142135620117
1598466313.670839,43.4100197,-72.0369478,1606094496.540919,62.45,1598466313.9099052,0.39400002360343933,1598466313.602959,23.200000762939453,1598466313.689505,0.22980041528422043,0.2226920949095406,1598466313.7087944,0.4263797675359303,0.11094750055299521,-0.07931827337478745,-0.08220516890287399,-0.03715240210294723,0.053047738969326026,1598466314.0,200826.0,142514.0,5.898717880249023,23.468198776245117,0.14460863173007965,101.18645477294922,7.219078540802002,0.10417817533016205,104.17817687988281,0.18204812705516815,90.58753204345703,7.7008233070373535
1598466315.1695633,43.4100221,-72.0369411,1606094496.640449,60.8,1598466314.9289038,0.2990000247955322,1598466314.98374,29.5,1598466315.1708338,0.12135010112053611,0.17138889391683365,1598466315.1898725,0.2529136834243192,0.07685285141143644,-0.10636929346373572,0.07262923568487167,0.12970797717571259,-0.07409693300724031,1598466315.0,200826.0,142515.0,5.895567417144775,23.496475219726562,0.1461414396762848,101.22151947021484,7.218958854675293,0.10416311770677567,104.16311645507812,0.17468775808811188,90.59696197509766,7.697455883026123
1598466316.170369,43.4100242,-72.0369386,1606094496.740671,59.68,1598466315.9290028,0.41200003027915955,1598466316.364703,30.5,1598466316.1711612,0.11557152487670107,0.16322751801603208,1598466316.1898625,0.20688707602789086,0.0609692641081852,-0.041112576305712724,0.013439787551760674,-0.1040669232606888,-0.08406148850917815,1598466316.0,200826.0,142516.0,5.895567417144775,23.524803161621094,0.14794635772705078,101.25579833984375,7.218476295471191,0.10414578020572662,104.14578247070312,0.17281955480575562,90.60527801513672,7.694110870361328
1598466318.169299,43.410028,-72.0369356,1606094496.942391,57.87,1598466317.9088356,0.3160000145435333,1598466317.752536,31.100000381469727,1598466318.1897771,0.10979294863286601,0.15506614211523045,1598466318.1900628,0.2833041096135322,0.08430993642397087,-0.1422140231255745,0.09181369841098785,-0.030018948018550852,0.17892560362815857,1598466318.0,200826.0,142518.0,5.895567417144775,23.57048225402832,0.15022139251232147,101.30224609375,7.217618465423584,0.1041082888841629,104.10829162597656,0.1665501892566681,90.6043701171875,7.687346458435059
1598466319.1695778,43.4100292,-72.0369328,1606094497.041738,58.18,1598466318.9088268,0.3630000054836273,1598466319.126042,26.5,1598466319.1702414,0.23114304975340214,0.32645503603206416,1598466319.1900692,0.2824026358160147,-0.028481992316539615,-0.056109149185408325,0.12696315348148346,0.2079315483570099,0.07174541056156156,1598466319.0,200826.0,142519.0,5.895567417144775,23.588838577270508,0.150961771607399,101.31963348388672,7.217225551605225,0.1040935143828392,104.09351348876953,0.16603349149227142,90.59200286865234,7.683543682098389
1598466320.6702993,43.4100321,-72.0369282,1606094497.241631,60.35,1598466320.9290674,0.23400001227855682,1598466320.506455,16.399999618530273,1598466320.6897767,0.08090006741369075,0.11425926261122245,1598466320.6901505,0.23069612972324777,-0.02726159169696528,-0.10370634491498279,0.005226611625403166,0.018038922920823097,0.00030176341533660666,1598466321.0,200826.0,142521.0,5.895567417144775,23.620559692382812,0.15227410197257996,101.3521728515625,7.216876983642578,0.10407131910324097,104.07131958007812,0.16787706315517426,90.5742416381836,7.677525043487549
1598466322.1690762,43.4100326,-72.0369239,1606094497.341532,59.02,1598466321.9289238,0.31800001859664917,1598466321.886592,8.800000190734863,1598466322.1904736,0.16757871107121652,0.23667990112324647,1598466322.1907856,0.3101320330192369,-0.06335006716706784,-0.16868396408398076,0.1403905600309372,-0.2129572033882141,-0.0447084195911884,1598466322.0,200826.0,142522.0,5.895567417144775,23.633512496948242,0.152830570936203,101.36388397216797,7.216850280761719,0.10406088829040527,104.0608901977539,0.15797656774520874,90.55561065673828,7.674072265625
1598466323.1690865,43.4100343,-72.0369211,1606094497.441393,56.71,1598466322.928915,0.13199999928474426,1598466323.226058,4.900000095367432,1598466323.189806,0.17449097470987476,0.13398843138419764,1598466323.2083728,0.32013554948050776,0.016015487520977506,-0.15605924647837036,0.007386182900518179,0.016314018517732627,0.04763177037239075,1598466323.0,200826.0,142523.0,5.895567417144775,23.643056869506836,0.15452077984809875,101.36627960205078,7.216925621032715,0.1040463000535965,104.04630279541016,0.15263749659061432,90.53729248046875,7.671351432800293
1598466324.6698284,43.4100385,-72.0369172,1606094497.640911,57.27,1598466324.9103556,0.5130000114440918,1598466324.568873,4.5,1598466324.68921,0.17014933369938562,0.16926075812678826,1598466324.708733,0.30204172101825005,0.049382099534900706,-0.19438150206668192,-0.021492375060915947,-0.15284693241119388,-0.12445579469203948,1598466325.0,200826.0,142525.0,5.898717880249023,23.65941047668457,0.15600377321243286,101.36638641357422,7.217190742492676,0.10403010249137878,104.03010559082031,0.15620514750480652,90.5196533203125,7.668394088745117
1598466327.1689634,43.4100435,-72.0369089,1606094497.84049,54.94,1598466326.928873,0.15400001406669617,1598466327.252523,4.199999809265137,1598466327.189732,0.06065985098335732,0.05215728595965174,1598466327.2082105,0.20293899723803877,0.022961590135240694,-0.07880069812399597,-0.12236057221889496,0.08993954956531525,-0.019309842959046374,1598466327.0,200826.0,142527.0,5.898717880249023,23.671361923217773,0.16079401969909668,101.37688446044922,7.217811584472656,0.10401651263237,104.01651000976562,0.15096896886825562,90.4906997680664,7.66436243057251
1598466328.6698341,43.4100465,-72.0369069,1606094498.041142,27.96,1598466328.9087822,0.2160000056028366,1598466328.569806,4.199999809265137,1598466328.6898932,0.14406714608547364,0.12387355415417288,1598466328.7087705,0.18483502991307277,-0.00338480106285733,-0.0663268962993447,0.012428918853402138,-0.017925944179296497,-0.021875506266951558,1598466329.0,200826.0,142529.0,5.898717880249023,23.681533813476562,0.16818787157535553,101.3963851928711,7.218307018280029,0.10400691628456116,104.00691986083984,0.14486436545848846,90.47063446044922,7.6600341796875
1598466330.1688368,43.4100494,-72.0369053,1606094498.141004,8.69,1598466329.9087176,0.16600000858306885,1598466329.908071,4.199999809265137,1598466330.1897333,0.022747444118758994,0.0195589822348694,1598466330.1900122,0.11219170103630097,0.08216780723875544,-0.045199224612172385,0.21674008667469025,-0.03774229437112809,-0.028457527980208393,1598466330.0,200826.0,142530.0,5.898717880249023,23.686500549316406,0.170267254114151,101.4081039428711,7.218575477600098,0.10400903970003128,104.00904083251953,0.14132258296012878,90.46865844726562,7.659282207489014
1598466331.168893,43.4100508,-72.0369048,1606094498.24088,336.23,1598466330.928908,0.09300000220537186,1598466331.255154,4.199999809265137,1598466331.1896873,0.05307736961043766,0.04563762521469528,1598466331.2079744,0.07610315338886188,0.029370529804555415,-0.06284309228871902,0.019633442163467407,0.07864014059305191,0.03891145065426826,1598466331.0,200826.0,142531.0,5.898717880249023,23.69074058532715,0.1713789701461792,101.41973876953125,7.21891450881958,0.10401277989149094,104.01277923583984,0.13737064599990845,90.4614486694336,7.658205032348633
1598466332.669833,43.41005,-72.0369026,1606094498.441352,287.99,1598466332.907825,0.12800000607967377,1598466332.590511,4.5,1598466332.6889749,0.12890218333963432,0.11083423266425994,1598466332.7087648,0.05194689677279506,-0.0055369444965515284,-0.0976767073454016,0.28188854455947876,-0.08271680027246475,-0.026087282225489606,1598466333.0,200826.0,142533.0,5.898717880249023,23.69951629638672,0.17305102944374084,101.43610382080078,7.219810962677002,0.10401102155447006,104.01102447509766,0.12513430416584015,90.4687728881836,7.657305717468262
1598466334.1689544,43.4100495,-72.0369007,1606094498.54126,264.29,1598466333.9289374,0.25600001215934753,1598466333.92505,4.5,1598466334.1896844,0.09857225784795565,0.08475558968443407,1598466334.1907117,0.09372261949918714,-0.0795989311809953,-0.07369079742105045,0.08701751381158829,-0.10657241195440292,-0.03535274416208266,1598466334.0,200826.0,142534.0,5.898717880249023,23.70448875427246,0.17316420376300812,101.44916534423828,7.220449924468994,0.10401426255702972,104.0142593383789,0.11957775056362152,90.47283935546875,7.656948566436768
1598466335.168893,43.4100513,-72.0368997,1606094498.640471,247.95,1598466334.9288979,0.12700000405311584,1598466335.261098,4.5,1598466335.1699855,0.18197955295007195,0.1564718578789552,1598466335.1898699,0.14409437596615693,0.002495440067078491,-0.212682054321135,0.18735283613204956,-0.13811753690242767,0.019702220335602778,1598466335.0,200826.0,142535.0,5.901867866516113,23.70884895324707,0.1732470840215683,101.46068572998047,7.221185207366943,0.10401660203933716,104.0166015625,0.11625570058822632,90.4817123413086,7.656764507293701
1598466336.669846,43.4100547,-72.0368989,1606094498.84118,227.21,1598466336.9292862,0.18400001525878906,1598466336.59655,4.5,1598466336.6907928,0.1743970715771523,0.14995219713399874,1598466336.6911263,0.15791609332471615,0.026129173471322098,-0.11311147666596237,0.026210125535726547,0.06767071038484575,0.09212365001440047,1598466337.0,200826.0,142537.0,5.901867866516113,23.71892547607422,0.17361938953399658,101.49050903320312,7.222671985626221,0.104026198387146,104.02619934082031,0.11429591476917267,90.49626922607422,7.6567702293396
1598466338.1686978,43.4100573,-72.0368998,1606094498.941155,237.95,1598466337.9291732,0.21300001442432404,1598466337.952511,4.5,1598466338.1888742,0.14406714608547364,0.12387355415417288,1598466338.2080975,0.11112098859131585,0.054265462114832234,-0.14780269996383952,-0.08789830654859543,-0.06676733493804933,-0.07217020541429518,1598466338.0,200826.0,142538.0,5.901867866516113,23.724533081054688,0.17408496141433716,101.50894165039062,7.223352909088135,0.10403303056955338,104.03302764892578,0.11516307294368744,90.50081634521484,7.656804084777832
1598466339.168781,43.4100579,-72.0369,1606094499.04085,240.26,1598466338.928914,0.11700000613927841,1598466339.268675,4.900000095367432,1598466339.188887,0.15923210883131295,0.1369128756440858,1598466339.208031,0.10681184937035385,0.06634728843772053,-0.17364030519300644,0.031958941370248795,-0.0034095884766429645,0.01393082831054926,1598466339.0,200826.0,142539.0,5.901867866516113,23.729719161987305,0.1745942384004593,101.51436614990234,7.224005222320557,0.1040283739566803,104.02837371826172,0.10939116775989532,90.50345611572266,7.655917644500732
1598466340.6698565,43.4100598,-72.036899,1606094499.241153,234.01,1598466340.9088838,0.04000000283122063,1598466340.601935,4.5,1598466340.688817,0.1971445156959113,0.16951117936886814,1598466340.7088292,0.16872116436929094,-0.0011389895880352659,-0.11854047339912004,0.05605839937925339,0.005172569770365997,0.3509443402290344,1598466341.0,200826.0,142541.0,5.901867866516113,23.740102767944336,0.17494569718837738,101.52123260498047,7.224716663360596,0.10402214527130127,104.02214813232422,0.10052554309368134,90.51187896728516,7.654994487762451
1598466342.1685646,43.4100625,-72.0368977,1606094499.341445,236.22,1598466341.9290552,0.37700000405311584,1598466341.952505,5.199999809265137,1598466342.1887743,0.08340729510211632,0.07171626819452113,1598466342.2077315,0.23910046791964906,0.028959153880484794,-0.09899378991710843,-0.07369213551282883,0.045678474009037046,0.2013980895280838,1598466342.0,200826.0,142542.0,5.901867866516113,23.74504280090332,0.17486050724983215,101.53447723388672,7.225128650665283,0.10402005910873413,104.02005767822266,0.10162417590618134,90.51152801513672,7.654322147369385
1598466343.1685295,43.4100655,-72.036897,1606094499.440507,231.47,1598466342.9289663,0.3370000123977661,1598466343.290244,6.199999809265137,1598466343.1887527,0.06963422759210017,0.4850268800258926,1598466343.2079651,0.1730814687363996,-0.05776446532757673,-0.14167883157315175,-0.15674243867397308,-0.13729685544967649,0.21611717343330386,1598466343.0,200826.0,142543.0,5.901867866516113,23.74894142150879,0.174800843000412,101.53447723388672,7.2253947257995605,0.10401681810617447,104.01681518554688,0.09973588585853577,90.51736450195312,7.654290676116943
1598466344.6698225,43.4100697,-72.0368932,1606094499.641339,230.22,1598466344.9088712,0.26200002431869507,1598466344.652514,6.5,1598466344.6887765,0.0522162994114913,0.2137134953056767,1598466344.7088177,-0.1467853470268801,-0.15601104144459504,-0.08671495805992185,-0.00866471417248249,-0.04486424475908275,0.36708489060401917,1598466345.0,200826.0,142545.0,5.898717880249023,23.755966186523438,0.17496119439601898,101.5399398803711,7.225635528564453,0.1040038913488388,104.00389099121094,0.10957483947277069,90.51471710205078,7.6533660888671875
1598466346.1689777,43.4100707,-72.0368901,1606094499.740462,237.44,1598466345.927916,0.4610000252723694,1598466345.975083,6.800000190734863,1598466346.1700747,0.006974712571585832,0.01874442275835035,1598466346.1887789,-0.3300986607682614,0.06793673257899578,0.006070868852788729,0.05120006948709488,0.2956185638904572,0.630823016166687,1598466346.0,200826.0,142546.0,5.898717880249023,23.75868797302246,0.17514020204544067,101.53741455078125,7.225757598876953,0.10399637371301651,103.99637603759766,0.11468976736068726,90.5107192993164,7.652095317840576
1598466347.1679974,43.4100741,-72.0368896,1606094499.841117,236.96,1598466346.9078186,0.20400001108646393,1598466347.325931,7.5,1598466347.1892035,0.059285056858479575,0.159327593445978,1598466347.1894073,-0.4319608627977612,0.09754335940582291,-0.08153639420583399,0.10968175530433655,0.12117128819227223,0.39461570978164673,1598466347.0,200826.0,142547.0,5.898717880249023,23.76030731201172,0.17529965937137604,101.533935546875,7.225776195526123,0.10398765653371811,103.98765563964844,0.11841349303722382,90.5008316040039,7.650850772857666
1598466349.1685243,43.4100843,-72.0368913,1606094500.040844,234.66,1598466348.9081922,0.12800000607967377,1598466348.691978,6.5,1598466348.6886554,0.027898850286343327,0.0749776910334014,1598466348.6888149,-0.43630098282448376,0.04118575199443301,-0.05163160042085422,-0.20254401862621307,0.12768094241619113,0.23057822883129117,1598466349.0,200826.0,142549.0,5.898717880249023,23.76140594482422,0.17559292912483215,101.51805877685547,7.226049900054932,0.10397347062826157,103.97347259521484,0.11821401119232178,90.48040008544922,7.649474143981934
1598466350.1687846,43.4100862,-72.0368921,1606094500.141058,235.17,1598466349.929069,0.125,1598466350.152514,5.900000095367432,1598466350.1889815,0.20561030264199198,0.19006420874922372,1598466350.2077801,-0.22314799569909716,0.17154693685712116,-0.03733770527311723,0.09918488562107086,-0.009452829137444493,0.02336241863667965,1598466350.0,200826.0,142550.0,5.898717880249023,23.76080322265625,0.1757509410381317,101.51284790039062,7.226330757141113,0.10397056490182877,103.97056579589844,0.12460832297801971,90.47516632080078,7.649206161499023
1598466351.6698172,43.4100849,-72.0368956,1606094500.340925,233.65,1598466351.9283094,0.35600000619888306,1598466351.593783,14.100000381469727,1598466351.6889215,0.031550904001131794,-0.25807855481754266,1598466351.707719,0.11607964032267656,0.04918249358240992,-0.13386542406834706,-0.0514666847884655,0.0018905117176473065,-0.06153063476085663,1598466352.0,200826.0,142552.0,5.898717880249023,23.75852394104004,0.17614492774009705,101.498779296875,7.226934909820557,0.10396093875169754,103.9609375,0.13371507823467255,90.4632797241211,7.648551940917969
1598466353.1683533,43.4100848,-72.0369034,1606094500.441963,237.39,1598466352.9288945,0.42000001668930054,1598466353.0526,14.100000381469727,1598466353.1687927,-0.2518366511279433,-0.3107704959430071,1598466353.1888025,0.32096327133474023,-0.09225098470896585,-0.013618970405316014,0.3104153871536255,0.06824429333209994,0.2800818383693695,1598466353.0,200826.0,142553.0,5.898717880249023,23.757585525512695,0.17627060413360596,101.49393463134766,7.227181911468506,0.103960782289505,103.96078491210938,0.14117304980754852,90.45931243896484,7.648157596588135
1598466354.6692052,43.4100829,-72.036911,1606094500.640474,236.08,1598466354.9283192,0.5180000066757202,1598466354.509623,14.100000381469727,1598466354.6887498,-0.1895276272523868,-0.232549518400018,1598466354.6889875,0.3382080821317669,0.09839848973915406,-0.13155208549897987,-0.11317720264196396,0.00474216463044284,-0.14359191060066223,1598466355.0,200826.0,142555.0,5.898717880249023,23.756261825561523,0.1761205941438675,101.4942398071289,7.227443218231201,0.1039658933877945,103.96589660644531,0.14080111682415009,90.46100616455078,7.648592948913574
1598466356.1681602,43.4100813,-72.0369149,1606094500.740922,243.56,1598466355.9078093,0.09700000286102295,1598466355.975748,14.100000381469727,1598466356.18891,-0.10169140686872342,-0.13623089873101385,1598466356.189012,0.10086917154219424,0.052975375361821335,-0.12364292841824492,-0.21442657709121704,-0.04135312512516975,0.04869803786277772,1598466356.0,200826.0,142556.0,5.898717880249023,23.755937576293945,0.17615891993045807,101.49557495117188,7.227443218231201,0.10396774858236313,103.9677505493164,0.13729196786880493,90.4600830078125,7.648748397827148
1598466357.1682057,43.4100817,-72.0369166,1606094500.84035,248.16,1598466357.2078316,0.13500000536441803,1598466357.452534,14.100000381469727,1598466357.1887226,-0.07776401701725909,-0.10417656961783411,1598466357.188834,0.027384789296016423,-0.019396902517279373,-0.12072705653722121,-0.053732361644506454,-0.06998943537473679,-0.032424435019493096,1598466357.0,200826.0,142557.0,5.898717880249023,23.75621223449707,0.17624230682849884,101.49785614013672,7.227435111999512,0.10397251695394516,103.97251892089844,0.1383466124534607,90.461181640625,7.648199081420898
1598466359.1686733,43.4100835,-72.0369187,1606094501.040559,296.95,1598466358.9278474,0.07400000095367432,1598466358.923774,14.100000381469727,1598466359.1886618,-0.071782169554393,-0.09616298733953918,1598466359.2077067,-0.05730182892265978,-0.06457623573526461,-0.08392890858920665,-0.1656436026096344,-0.16606521606445312,-0.07238798588514327,1598466359.0,200826.0,142559.0,5.898717880249023,23.75830078125,0.17612332105636597,101.5081558227539,7.227131366729736,0.10398100316524506,103.98100280761719,0.13748036324977875,90.47460174560547,7.649158477783203
1598466360.1678073,43.4100837,-72.0369182,1606094501.140422,319.07,1598466359.9078538,0.16700001060962677,1598466360.406198,14.100000381469727,1598466360.1888032,-0.08374586448012518,-0.11219015189612906,1598466360.1896615,-0.04632025471553747,-0.04959389074956086,-0.14423839490624762,-0.17531421780586243,-0.008048998191952693,0.1032259538769722,1598466360.0,200826.0,142600.0,5.898717880249023,23.760263442993164,0.1759088784456253,101.51824951171875,7.226983547210693,0.1039813682436943,103.98136901855469,0.1339453011751175,90.48387908935547,7.649592876434326
1598466362.1680048,43.4100854,-72.0369167,1606094501.340398,43.79,1598466361.90785,0.4050000309944153,1598466362.192456,6.199999809265137,1598466362.168889,-0.05990644585091886,-0.003349290299589844,1598466362.1887648,-0.01895314759188084,0.01654922105130925,-0.0631583785609604,0.08783423155546188,0.07136894017457962,0.015980832278728475,1598466362.0,200826.0,142602.0,5.898717880249023,23.765127182006836,0.17523393034934998,101.53258514404297,7.227118968963623,0.1039886623620987,103.98866271972656,0.12006908655166626,90.50040435791016,7.650814533233643
1598466363.1678953,43.4100867,-72.0369166,1606094501.441064,59.74,1598466362.90783,0.05900000408291817,1598466363.322223,6.199999809265137,1598466363.189107,-0.11981289170183772,-0.006698580599179688,1598466363.189702,-0.07475564532318377,-0.13770734648447666,-0.007806022297630509,0.04027988761663437,0.1586088240146637,-0.027941424399614355,1598466363.0,200826.0,142603.0,5.898717880249023,23.767759323120117,0.1745145320892334,101.54120635986328,7.227074146270752,0.10398794710636139,103.98794555664062,0.11657221615314484,90.50497436523438,7.6506757736206055
1598466364.6687717,43.4100875,-72.0369146,1606094501.640832,60.44,1598466364.927856,0.11400000751018524,1598466364.667092,6.800000190734863,1598466364.6881106,-0.12979729934365752,-0.007256795649111329,1598466364.7077782,-0.19515691019643477,-0.015002273255402664,-0.07427238295963075,0.0779038593173027,-0.18394552171230316,-0.019623495638370493,1598466365.0,200826.0,142605.0,5.898717880249023,23.77238655090332,0.17264734208583832,101.54443359375,7.227036476135254,0.10399066656827927,103.99066925048828,0.11354993283748627,90.49942016601562,7.649739742279053
1598466366.1678424,43.4100886,-72.0369133,1606094501.741055,73.14,1598466365.9278574,0.13600000739097595,1598466366.01178,7.199999809265137,1598466366.1689167,-0.11981289170183772,-0.006698580599179688,1598466366.1888864,-0.14241668640466312,-0.11508360321013061,-0.07261876948095147,-0.20563167333602905,0.17415191233158112,-0.06726068258285525,1598466366.0,200826.0,142606.0,5.898717880249023,23.773141860961914,0.17151901125907898,101.55362701416016,7.226675987243652,0.10399448871612549,103.99449157714844,0.11003416776657104,90.50444793701172,7.649755954742432
1598466367.1678164,43.4100897,-72.0369121,1606094501.841203,92.72,1598466366.907805,0.1340000033378601,1598466367.354392,7.5,1598466367.1887934,-0.16973492991093678,-0.009489655848837892,1598466367.2077885,-0.09564297858004532,-0.0749579826872778,-0.05172319304185178,0.12488599121570587,0.15606218576431274,0.03956539183855055,1598466367.0,200826.0,142607.0,5.898717880249023,23.77408790588379,0.17024879157543182,101.5594711303711,7.226244926452637,0.10399512946605682,103.99513244628906,0.10171040892601013,90.50397491455078,7.650008201599121
1598466369.1677773,43.4100917,-72.0369093,1606094502.040704,125.51,1598466368.927863,0.2330000102519989,1598466368.700093,7.800000190734863,1598466369.1888046,-0.13978170698547734,-0.00781501069904297,1598466368.7077787,-0.1124134492746899,-0.05733856123910457,0.010079353273472827,0.12583430111408234,-0.011717658489942575,-0.1918908804655075,1598466369.0,200826.0,142609.0,5.898717880249023,23.776891708374023,0.16724099218845367,101.55997467041016,7.225188255310059,0.10398147255182266,103.98147583007812,0.09937943518161774,90.49862670898438,7.648622035980225
1598466370.1677887,43.4100938,-72.0369072,1606094502.140517,149.61,1598466369.9278913,0.13700000941753387,1598466370.0525,7.800000190734863,1598466370.1888175,-0.2695790063291349,-0.015071806348154299,1598466370.2077978,-0.15773536605724425,0.02137831581650867,-0.051135996805817936,-0.19070886075496674,0.2003353089094162,-0.07980626821517947,1598466370.0,200826.0,142610.0,5.898717880249023,23.77825355529785,0.16614091396331787,101.55467987060547,7.224471092224121,0.10398147255182266,103.98714447021484,0.09271180629730225,90.5052490234375,7.649531841278076
1598466371.1677797,43.4100957,-72.0369074,1606094502.240497,176.76,1598466370.9280229,0.18400001525878906,1598466371.388884,8.199999809265137,1598466371.1889267,-0.0998440764181981,-0.005582150499316407,1598466371.2071166,0.16555155071088373,-0.06372265307603688,-0.12239025817138291,0.12167495489120483,-0.08143673837184914,-0.7004604935646057,1598466371.0,200826.0,142611.0,5.898717880249023,23.77979278564453,0.16473488509655,101.5636215209961,7.223751544952393,0.10398714244365692,103.99492645263672,0.09088271856307983,90.50911712646484,7.649216651916504
1598466373.1678994,43.410106,-72.036912,1606094502.441081,213.06,1598466372.9077916,0.5350000262260437,1598466372.752508,8.199999809265137,1598466373.1877577,-0.28521344888670164,0.4106741878596131,1598466373.206862,0.5976647208140979,-0.03749561980902258,-0.18539719612593553,-0.03638257831335068,-0.04966349154710774,-0.36225470900535583,1598466373.0,200826.0,142613.0,5.898717880249023,23.784523010253906,0.162168949842453,101.5775375366211,7.221461772918701,0.10399176925420761,103.9944076538086,0.09769576787948608,90.5245590209961,7.649763107299805
1598466374.1677222,43.4101109,-72.0369133,1606094502.540281,217.39,1598466373.9279063,0.6660000085830688,1598466374.080942,8.5,1598466374.168945,-0.18495044817157327,0.5179703965683118,1598466374.187827,0.5113799038722928,0.17637869562122105,-0.16879139235074048,-0.24025405943393707,0.3386999964714049,-0.9640214443206787,1598466374.0,200826.0,142614.0,5.900292873382568,23.78703498840332,0.16107094287872314,101.58441162109375,7.220444202423096,0.10399440675973892,103.99446868896484,0.10113699734210968,90.52497100830078,7.649506568908691
1598466375.1676457,43.4101147,-72.0369104,1606094502.641444,222.14,1598466375.2068226,0.6760000586509705,1598466375.423868,8.5,1598466375.1689584,0.38916617467507864,0.5453894832949809,1598466375.187756,0.4147790784243738,0.24173186859157153,-0.001307871705613299,-0.18669769167900085,0.06541358679532996,-0.672374427318573,1598466375.0,200826.0,142615.0,5.900292873382568,23.78911018371582,0.15992313623428345,101.58928680419922,7.219460487365723,0.1039944663643837,103.99642181396484,0.10185883939266205,90.52078247070312,7.648977279663086
1598466377.1670284,43.4101156,-72.0368913,1606094502.840822,240.97,1598466376.926882,0.8110000491142273,1598466376.770683,8.800000190734863,1598466377.1882684,0.7495141925906013,0.33260859144835553,1598466377.188538,0.5543436619021335,0.027564442838331815,-0.06299975251883613,-0.0972931981086731,0.03031093254685401,-0.0730869397521019,1598466377.0,200826.0,142617.0,5.900292873382568,23.7924747467041,0.15699879825115204,101.59712982177734,7.217646598815918,0.1039956584572792,104.00289916992188,0.10710865259170532,90.52642822265625,7.648812294006348
1598466378.1670697,43.4101146,-72.0368806,1606094502.940993,227.52,1598466377.9268813,0.7680000066757202,1598466378.116889,9.100000381469727,1598466378.188761,0.8593394715822991,0.18956706618148336,1598466378.1888514,0.5965717392525623,-0.0645998401634832,-0.1071950314827703,0.025857705622911453,-0.14552375674247742,0.020965727046132105,1598466378.0,200826.0,142618.0,5.900292873382568,23.79460334777832,0.15606078505516052,101.6077880859375,7.216788291931152,0.10400290042161942,103.9991455078125,0.11589230597019196,90.52861785888672,7.6490559577941895
1598466379.1674767,43.4101131,-72.0368703,1606094503.040828,218.97,1598466379.207285,0.8040000200271606,1598466379.46712,9.800000190734863,1598466379.187767,0.779746564652288,0.1788722865984424,1598466379.206973,0.6117921438293354,-0.2222615576539491,-0.12913840260302029,0.02384602464735508,-0.00937755592167383,-0.4568527638912201,1598466379.0,200826.0,142619.0,5.900292873382568,23.796648025512695,0.15499232709407806,101.60882568359375,7.21601676940918,0.10399914532899857,103.99581909179688,0.11942438781261444,90.51964569091797,7.647772312164307
1598466381.1673956,43.4101047,-72.0368482,1606094503.241066,223.24,1598466380.908135,0.7870000600814819,1598466380.816197,10.100000381469727,1598466381.1877463,0.7386985845662808,-0.47825139953770474,1598466381.2066877,0.8994986252443783,-0.23244014172053012,-0.13081796329929443,-0.0485997274518013,-0.0928178280591965,-0.2714903652667999,1598466381.0,200826.0,142621.0,5.900292873382568,23.799087524414062,0.15419965982437134,101.60067749023438,7.2145795822143555,0.10398584604263306,103.98041534423828,0.12918703258037567,90.50298309326172,7.645956039428711
1598466382.167397,43.4100978,-72.0368394,1606094503.341027,235.58,1598466381.90687,0.9630000591278076,1598466382.164785,10.800000190734863,1598466382.1877902,0.6716729797155874,-0.6139669439961603,1598466382.2069702,0.9681751935882571,-0.1561683521634946,-0.06177601604264495,-0.0706808865070343,0.11261419206857677,-0.3208426535129547,1598466382.0,200826.0,142622.0,5.900292873382568,23.798812866210938,0.15418556332588196,101.5948715209961,7.213818073272705,0.1039804145693779,103.9759521484375,0.1340084671974182,90.49099731445312,7.6449432373046875
1598466383.6693814,43.4100861,-72.0368298,1606094503.545615,247.72,1598466383.906749,0.8400000333786011,1598466383.514884,10.800000190734863,1598466383.6700196,0.4293240941959431,-0.6149640819940893,1598466383.6877592,0.8771690113363677,0.1622789558925604,-0.12892769024809617,0.08978024125099182,-0.07490042597055442,-0.5503969192504883,1598466384.0,200826.0,142624.0,5.898717880249023,23.79408073425293,0.1539151817560196,101.5722885131836,7.212254524230957,0.10396599769592285,103.9510726928711,0.13926468789577484,90.44345092773438,7.641393184661865
1598466385.167609,43.4100737,-72.0368305,1606094503.643846,247.81,1598466384.9068234,0.718000054359436,1598466384.868059,11.399999618530273,1598466385.1877646,-0.042286202405231135,-0.5884826905577969,1598466385.206519,0.7039759207596803,0.3658798661802036,-0.08612358545422841,0.11931002885103226,0.0048845517449080346,-0.49206021428108215,1598466385.0,200826.0,142625.0,5.898717880249023,23.789764404296875,0.15369172394275665,101.54818725585938,7.211784362792969,0.10395107418298721,103.9430160522461,0.1479886919260025,90.41934967041016,7.64058256149292
1598466386.167537,43.4100669,-72.0368354,1606094503.741036,250.74,1598466385.926844,0.9100000262260437,1598466386.221335,11.399999618530273,1598466386.1876795,-0.1548303165817138,-0.4648952280538124,1598466386.2064862,0.6985626412913669,0.46573751436518934,-0.08182010575791601,-0.016485460102558136,-0.06797623634338379,-0.0454200692474842,1598466386.0,200826.0,142626.0,5.898717880249023,23.78385353088379,0.15363986790180206,101.53014373779297,7.211456298828125,0.10394301265478134,103.9430160522461,0.14808520674705505,90.4028091430664,7.64000129699707
1598466387.6688173,43.4100577,-72.0368442,1606094503.940315,258.97,1598466387.9268522,0.753000020980835,1598466387.570362,11.399999618530273,1598466387.6874301,-0.48086800132920754,-0.8653704208589829,1598466387.7064621,0.6354424217606477,0.22067012759290391,-0.11378000766021656,-0.01234600692987442,-0.018557323142886183,-0.17870862782001495,1598466388.0,200826.0,142628.0,5.898717880249023,23.772003173828125,0.15305089950561523,101.49617767333984,7.211272239685059,0.10393234342336655,103.93234252929688,0.15300032496452332,90.3742446899414,7.638926982879639
1598466389.1673436,43.4100482,-72.0368559,1606094504.040761,262.55,1598466388.926851,0.7940000295639038,1598466388.921368,11.100000381469727,1598466389.1876822,-0.3716190448468686,-0.45825678991925595,1598466389.2077694,0.7674616512098822,0.1655765264303368,-0.07876477460011272,0.07004999369382858,0.003978520166128836,-0.312772274017334,1598466389.0,200826.0,142629.0,5.898717880249023,23.76671600341797,0.1529081165790558,101.48094940185547,7.211423873901367,0.1039290726184845,103.92906951904297,0.1538747400045395,90.36810302734375,7.638990879058838
1598466390.1672966,43.4100434,-72.036865,1606094504.140603,270.77,1598466389.926906,0.6970000267028809,1598466390.267831,10.800000190734863,1598466390.1877034,-0.4959294809134868,-0.3551815732282286,1598466390.2068388,0.7909682316241923,0.10926998132799519,-0.16913787309153294,0.01710384711623192,0.04447846859693526,-0.11910172551870346,1598466390.0,200826.0,142630.0,5.898717880249023,23.76108741760254,0.1528003215789795,101.46979522705078,7.2116851806640625,0.10392778366804123,103.92778015136719,0.1549474000930786,90.36117553710938,7.639221668243408
1598466391.6678188,43.4100403,-72.036875,1606094504.340233,284.73,1598466391.9269342,0.20000000298023224,1598466391.616345,10.399999618530273,1598466391.6873257,-0.3455740478421927,-0.34738822296957894,1598466391.6876283,0.4556713527762767,-0.04713347354028012,-0.1255441830632197,0.17347970604896545,0.08392154425382617,0.24262399971485138,1598466392.0,200826.0,142632.0,5.898717880249023,23.751523971557617,0.1526198387145996,101.44711303710938,7.212467670440674,0.10392531007528305,103.92530822753906,0.1590029001235962,90.3587875366211,7.640824317932129
1598466393.1670954,43.4100403,-72.0368774,1606094504.441212,291.32,1598466392.9268553,0.3440000116825104,1598466392.965399,10.100000381469727,1598466393.1878293,-0.01907830610084184,-0.023152067646812477,1598466393.2068577,-0.13110491565095073,-0.009557539207054388,-0.12551295378388672,0.04944567382335663,-0.32654252648353577,-0.02125057205557819,1598466393.0,200826.0,142633.0,5.898717880249023,23.747032165527344,0.1526397317647934,101.44258880615234,7.21298360824585,0.10392884910106659,103.92884826660156,0.1661568284034729,90.36285400390625,7.641401290893555
1598466394.167098,43.4100409,-72.0368768,1606094504.541035,297.46,1598466393.9069188,0.09200000762939453,1598466394.310097,9.800000190734863,1598466394.1876712,-0.0317971768347364,-0.03858677941135413,1598466394.2067053,-0.10118707176679306,0.07740873688259776,-0.05503270070733871,0.03445576876401901,-0.14330320060253146,-0.12951201200485227,1598466394.0,200826.0,142634.0,5.898717880249023,23.743791580200195,0.1524728387594223,101.44269561767578,7.213634490966797,0.10393650084733963,103.9365005493164,0.16644315421581268,90.3714599609375,7.642712116241455
1598466395.6677754,43.4100401,-72.0368763,1606094504.743108,295.98,1598466395.927092,0.04500000178813934,1598466395.654538,9.800000190734863,1598466395.6878448,-0.025437741467789123,-0.0308694235290833,1598466395.7064493,-0.02010242292674118,0.03681633323332448,-0.059848313871013345,-0.04818836227059364,0.0011837189085781299,-0.2241746187210083,1598466396.0,200826.0,142636.0,5.898717880249023,23.740793228149414,0.1522957980632782,101.45384979248047,7.215285778045654,0.10395403206348419,103.95403289794922,0.16038638353347778,90.39459991455078,7.645310878753662
1598466397.1669273,43.4100405,-72.0368749,1606094504.840562,280.88,1598466396.9069808,0.1680000126361847,1598466397.002187,9.5,1598466397.1877122,-0.08903209513726193,-0.10804298235179156,1598466397.2065632,0.014584902616503677,0.13876157339565504,-0.0571527582641001,-0.011528603732585907,-0.07285821437835693,-0.006605325266718856,1598466397.0,200826.0,142637.0,5.898717880249023,23.74108123779297,0.15221108496189117,101.4586410522461,7.2161946296691895,0.10395855456590652,103.95855712890625,0.16038638353347778,90.41055297851562,7.646660327911377
1598466398.166891,43.410042,-72.0368721,1606094504.940275,270.73,1598466397.9068937,0.09200000762939453,1598466398.35262,9.5,1598466398.1877632,-0.050875482935578246,-0.0617388470581666,1598466398.2064772,-0.023533574284349865,0.13215043504750557,0.010015319084655774,0.07888776063919067,0.04279018938541413,0.02903787419199943,1598466398.0,200826.0,142638.0,5.898717880249023,23.742216110229492,0.1522454023361206,101.47000885009766,7.217105865478516,0.10396768897771835,103.96768951416016,0.172989621758461,90.42193603515625,7.647681713104248
1598466400.1668975,43.4100462,-72.0368657,1606094505.140772,271.25,1598466399.926854,0.14900000393390656,1598466399.693899,9.5,1598466400.1877534,-0.08903209513726193,-0.10804298235179156,1598466399.7061675,-0.1099660405462637,0.0830371174656982,-0.04608758895747648,0.05261164531111717,0.08186091482639311,-0.10176488757133485,1598466400.0,200826.0,142640.0,5.898717880249023,23.746368408203125,0.15295563638210297,101.4890365600586,7.218798637390137,0.10397874563932419,103.97874450683594,0.17017298936843872,90.44461059570312,7.648665428161621
1598466401.1668434,43.4100481,-72.0368632,1606094505.241364,259.46,1598466400.9071727,0.1469999998807907,1598466401.052678,9.100000381469727,1598466401.1679163,-0.13990757807284016,-0.16978182940995817,1598466401.1879246,-0.1437819350149661,0.08921091053316263,0.04188312998083453,0.06266634911298752,0.011135023087263102,-0.04367432743310928,1598466401.0,200826.0,142641.0,5.898717880249023,23.74951171875,0.15345536172389984,101.49671173095703,7.219676971435547,0.10398104041814804,103.98104095458984,0.17017298936843872,90.45108795166016,7.648746013641357
1598466402.1668887,43.4100502,-72.0368609,1606094505.340167,245.99,1598466401.9268558,0.24000000953674316,1598466402.387133,9.100000381469727,1598466402.1877556,-0.08903209513726193,-0.10804298235179156,1598466402.2067926,-0.13236178572707613,-0.03217470199614212,0.07083562094561123,0.08908608555793762,0.10367432981729507,-0.023674499243497862,1598466402.0,200826.0,142642.0,5.898717880249023,23.75244140625,0.15420861542224884,101.50435638427734,7.220554828643799,0.10398207604885101,103.9820785522461,0.1679476648569107,90.45794677734375,7.649093151092529
1598466404.166686,43.4100539,-72.0368563,1606094505.540847,242.79,1598466403.9059012,0.07700000703334808,1598466403.752027,9.5,1598466404.1878061,-0.07631322440336737,-0.09260827058724991,1598466404.2067978,-0.07147716038167339,0.038342432085156204,0.04223854294012445,0.1364937722682953,0.047685585916042314,-0.13046623766422272,1598466404.0,200826.0,142644.0,5.900292873382568,23.758909225463867,0.1564205288887024,101.50933837890625,7.222262382507324,0.10397402197122574,103.9740219116211,0.16874217987060547,90.46432495117188,7.648115158081055
1598466405.1667328,43.4100548,-72.0368554,1606094505.640991,245.62,1598466404.927099,0.17800000309944153,1598466405.082483,9.100000381469727,1598466405.168011,-0.13990757807284016,-0.16978182940995817,1598466405.2059894,-0.0004190895095825219,0.05225580881505615,0.06990974564494264,-0.03511784225702286,-0.0765463411808014,-0.1175984963774681,1598466405.0,200826.0,142645.0,5.900292873382568,23.761642456054688,0.15781129896640778,101.51004028320312,7.223100662231445,0.1039699912071228,103.9699935913086,0.16700191795825958,90.46084594726562,7.647762298583984
1598466406.1666734,43.4100554,-72.0368544,1606094505.740929,249.5,1598466406.2065306,0.10100000351667404,1598466406.452619,9.100000381469727,1598466406.187766,-0.0635943536694728,-0.07717355882270827,1598466406.206133,0.05555197722004275,0.0881059413697753,-0.01347547923684627,-0.059811171144247055,0.025109769776463495,-0.12371483445167542,1598466406.0,200826.0,142646.0,5.900292873382568,23.763620376586914,0.1593163162469864,101.50841522216797,7.223808765411377,0.10396349430084229,103.96349334716797,0.1645800918340683,90.45537567138672,7.647007942199707
1598466408.1666913,43.4100554,-72.036854,1606094505.940238,254.34,1598466407.9268038,0.07700000703334808,1598466407.779094,9.100000381469727,1598466408.186766,-0.10175096587115649,-0.1234776941163332,1598466408.2058628,0.07511311975812977,0.17088011850976328,0.043118456049219156,-0.10842043906450272,-0.0023043663240969285,-0.08463588356971741,1598466408.0,200826.0,142648.0,5.900292873382568,23.765607833862305,0.16194437444210052,101.50446319580078,7.224867343902588,0.10395541042089462,103.95541381835938,0.16375777125358582,90.45453643798828,7.646820545196533
1598466409.1665623,43.410056,-72.0368545,1606094506.041094,259.34,1598466408.9270313,0.0950000062584877,1598466409.122096,9.100000381469727,1598466409.186716,-0.10175096587115649,-0.1234776941163332,1598466409.186936,0.18288110840258126,0.10739993472811916,-0.07738374097864482,0.00674460781738162,-0.07755804061889646,0.1920221447944641,1598466409.0,200826.0,142649.0,5.900292873382568,23.76601219177246,0.16324490308761597,101.50360107421875,7.225178241729736,0.1039537712931633,103.95377349853516,0.15744759142398834,90.44786834716797,7.646023750305176
1598466410.1666949,43.4100563,-72.0368552,1606094506.142099,262.66,1598466410.2067416,0.09800000488758087,1598466410.470664,8.800000190734863,1598466410.167967,-0.05723491830252552,-0.06945620294043743,1598466410.1868625,0.12537487605817235,0.07421226714671038,-0.09837366274889706,0.0471101738512516,-0.017973944544792144,0.2631382644176483,1598466410.0,200826.0,142650.0,5.900292873382568,23.76630973815918,0.1643497496843338,101.50238800048828,7.225409984588623,0.10395185649394989,103.95185852050781,0.16241277754306793,90.44310760498047,7.645796298980713
1598466412.1665115,43.4100567,-72.0368537,1606094506.340919,251.34,1598466411.925908,0.06200000271201134,1598466411.817284,8.800000190734863,1598466412.1680405,-0.06718637043826309,0.01964666962445514,1598466412.1869996,-0.05490433257431901,-0.13304958074534048,-0.023721813525128116,0.00627584382891655,0.2288239449262619,-0.05181208997964862,1598466412.0,200826.0,142652.0,5.900292873382568,23.765817642211914,0.16667240858078003,101.49665069580078,7.2258429527282715,0.1039469763636589,103.94697570800781,0.1674181967973709,90.43529510498047,7.644669055938721
1598466413.166546,43.4100578,-72.0368516,1606094506.44135,255.32,1598466412.90708,0.15900000929832458,1598466413.164539,9.100000381469727,1598466413.1867743,-0.01919610583950374,0.005613334178415753,1598466413.205819,-0.09472766910948668,-0.12888469063797772,-0.12316213904223872,-0.09532241523265839,0.09170427918434143,-0.03671819716691972,1598466413.0,200826.0,142653.0,5.900292873382568,23.76531982421875,0.16780948638916016,101.4959945678711,7.226165771484375,0.10394715517759323,103.94715881347656,0.16111576557159424,90.43219757080078,7.64504861831665
1598466414.6678112,43.4100588,-72.0368513,1606094506.640401,263.52,1598466414.926883,0.07900000363588333,1598466414.512572,9.100000381469727,1598466414.6866536,-0.220755217154293,0.06455334305178116,1598466414.687708,-0.0366329249582301,-0.05290453848649187,-0.039257400162829935,0.19011583924293518,0.06589347124099736,0.3770998418331146,1598466415.0,200826.0,142655.0,5.900292873382568,23.7644100189209,0.17029011249542236,101.49190521240234,7.226726531982422,0.10394492745399475,103.94493103027344,0.16393661499023438,90.43016815185547,7.64445161819458
1598466416.1664593,43.4100606,-72.0368515,1606094506.741214,245.58,1598466415.9068196,0.08000000566244125,1598466415.856491,9.100000381469727,1598466416.1867826,-0.0959805291975187,0.028066670892078767,1598466416.2056582,-0.15927096528203286,-0.14451668810165746,-0.060623988050118593,0.04281172528862953,0.07336634397506714,0.032102141529321664,1598466416.0,200826.0,142656.0,5.900292873382568,23.7643985748291,0.17124700546264648,101.49414825439453,7.226970195770264,0.10394730418920517,103.94730377197266,0.1588061898946762,90.42789459228516,7.644654750823975
1598466418.6678321,43.410061,-72.0368537,1606094506.940976,243.38,1598466418.9271653,0.1120000034570694,1598466418.552647,9.100000381469727,1598466418.6868794,-0.0959805291975187,0.028066670892078767,1598466418.7055054,-0.02082203506409415,-0.08306516770789038,-0.09645484458947134,-0.002579918596893549,0.04200360551476477,-0.09643927216529846,1598466419.0,200826.0,142659.0,5.900292873382568,23.76483154296875,0.17256030440330505,101.50527954101562,7.227309703826904,0.10395782440900803,103.95782470703125,0.15995550155639648,90.43313598632812,7.64537239074707
1598466420.1664765,43.4100612,-72.036856,1606094507.041337,249.09,1598466419.9258854,0.09800000488758087,1598466419.896704,9.100000381469727,1598466420.1669219,-0.04799026459875935,0.014033335446039383,1598466420.1868727,0.019345450745710452,-0.051990235743834434,-0.06298527860587437,0.06587465107440948,0.08982940763235091,-0.06693013757467271,1598466420.0,200826.0,142700.0,5.900292873382568,23.76567840576172,0.1728387176990509,101.51036834716797,7.227414131164551,0.10396137088537216,103.96137237548828,0.15420624613761902,90.44085693359375,7.6456708908081055
1598466421.1663394,43.4100611,-72.0368579,1606094507.140865,255.69,1598466420.9058828,0.13900001347064972,1598466421.252503,9.100000381469727,1598466421.167478,-0.04799026459875935,0.014033335446039383,1598466421.1875374,0.02638510836661802,-0.06263585502881944,-0.05696026844957816,0.054201096296310425,0.028914824128150936,-0.04053094610571862,1598466421.0,200826.0,142701.0,5.900292873382568,23.7669677734375,0.17297731339931488,101.51839447021484,7.227489948272705,0.10396691411733627,103.96691131591797,0.15749534964561462,90.44507598876953,7.646294593811035
1598466422.6677718,43.4100602,-72.0368613,1606094507.340584,270.48,1598466422.905781,0.04700000211596489,1598466422.586124,9.100000381469727,1598466422.6866748,-0.01919610583950374,0.005613334178415753,1598466422.7057652,0.08329173814531395,0.044811741996287596,-0.05241366074096354,0.15979047119617462,-0.11790579557418823,-0.024023585021495805,1598466423.0,200826.0,142703.0,5.900292873382568,23.77082061767578,0.17308034002780914,101.52920532226562,7.227572441101074,0.10397014766931534,103.97014617919922,0.15882666409015656,90.45185089111328,7.646765232086182
1598466424.167167,43.4100603,-72.0368634,1606094507.440304,279.03,1598466423.926254,0.10200000554323196,1598466423.95267,9.100000381469727,1598466424.1681569,-0.0959805291975187,0.028066670892078767,1598466424.1878552,0.09250543202783423,0.0636938640345366,-0.01971286139681992,-0.008102675899863243,0.00817041471600532,-0.03949280455708504,1598466424.0,200826.0,142704.0,5.900292873382568,23.77313232421875,0.17309658229351044,101.53488159179688,7.227499961853027,0.10397185385227203,103.97185516357422,0.15092353522777557,90.46216583251953,7.646595001220703
1598466425.1663306,43.4100607,-72.0368639,1606094507.540312,286.62,1598466424.925857,0.014000000432133675,1598466425.279214,9.100000381469727,1598466425.1867483,-0.05758831751851121,0.01684000253524726,1598466425.2057965,0.09071071316643961,-0.05386126479902783,-0.02810901832249943,-0.06343565136194229,0.09074562788009646,0.2095383256673813,1598466425.0,200826.0,142705.0,5.895567417144775,23.7755184173584,0.1732257902622223,101.54336547851562,7.227269172668457,0.1039750948548317,103.97509765625,0.15108336508274078,90.46704864501953,7.647031307220459
1598466426.667132,43.4100621,-72.0368645,1606094507.742114,260.55,1598466426.9272585,0.06599999964237213,1598466426.624604,9.100000381469727,1598466426.686785,-0.03839221167900748,0.011226668356831506,1598466426.6870604,-0.0018908148968257905,0.033368336863266373,0.04538617375188316,0.020388605073094368,-0.1899706870317459,-0.04347398132085798,1598466427.0,200826.0,142707.0,5.895567417144775,23.780797958374023,0.17355014383792877,101.55712127685547,7.226640224456787,0.10397844016551971,103.97843933105469,0.1474207490682602,90.48431396484375,7.647424221038818
1598466428.1660087,43.410063,-72.0368643,1606094507.841769,226.21,1598466427.9058654,0.07800000160932541,1598466427.971697,9.100000381469727,1598466428.186952,-0.18236300547528553,0.05332667469494966,1598466428.2052684,0.03730260824337046,0.029789312606031657,0.030393116851401947,-0.05938924103975296,-0.03981472924351693,-0.07868505269289017,1598466428.0,200826.0,142708.0,5.895567417144775,23.783788681030273,0.17362555861473083,101.56624603271484,7.226250171661377,0.10398230701684952,103.98230743408203,0.14667262136936188,90.48790740966797,7.647424221038818
1598466429.1667554,43.4100639,-72.0368652,1606094507.941434,184.31,1598466428.9058912,0.14500001072883606,1598466429.321776,9.100000381469727,1598466429.1680548,-0.18236300547528553,0.05332667469494966,1598466429.186925,0.09128488923363971,0.009001398891078129,-0.05329987062740808,0.12333109229803085,-0.01833653450012201,0.48785722255706787,1598466429.0,200826.0,142709.0,5.895567417144775,23.78597068786621,0.17365793883800507,101.5744400024414,7.225998878479004,0.10398565232753754,103.98564910888672,0.13857774436473846,90.49124908447266,7.646714687347412
1598466430.667804,43.4100673,-72.0368651,1606094508.140217,176.94,1598466430.9258816,0.1510000079870224,1598466430.66581,9.100000381469727,1598466430.686528,-0.0959805291975187,0.028066670892078767,1598466430.7053735,-0.15368719071697526,-0.20170095603994045,-0.0592261525334396,0.007897607982158661,-0.0720701739192009,-0.03852508589625358,1598466431.0,200826.0,142711.0,5.895567417144775,23.78949737548828,0.17343418300151825,101.57440948486328,7.225893974304199,0.10397845506668091,103.97845458984375,0.14560072124004364,90.4880142211914,7.645975112915039
1598466432.1655788,43.4100721,-72.036861,1606094508.240737,183.34,1598466431.925886,0.42900002002716064,1598466432.013493,9.100000381469727,1598466432.1868649,-0.10689274800538909,0.31220816841309,1598466432.187133,-0.344526096406851,-0.12451730747948787,0.029751067257962182,0.07314279675483704,0.09729380160570143,-0.09027354419231416,1598466432.0,200826.0,142712.0,5.895567417144775,23.790969848632812,0.17300455272197723,101.571044921875,7.225924015045166,0.10397231578826904,103.9723129272461,0.1426396369934082,90.48970794677734,7.646234512329102
1598466433.1655269,43.4100738,-72.0368574,1606094508.341364,188.12,1598466432.9058647,0.3190000057220459,1598466433.361085,9.100000381469727,1598466433.18662,-0.009893801350770604,0.2698186663202372,1598466433.187636,-0.36222019747678097,-0.07305344081243167,-0.02305964119702804,0.1045992374420166,-0.04850918799638749,-0.060663104057312005,1598466433.0,200826.0,142713.0,5.895567417144775,23.7919921875,0.17263072729110718,101.57219696044922,7.225942611694336,0.10397111624479294,103.97111511230469,0.14132434129714966,90.48657989501953,7.645853519439697
1598466435.167103,43.4100751,-72.0368505,1606094508.54024,199.92,1598466434.9060295,0.25,1598466434.708356,9.100000381469727,1598466435.1681802,0.18088859636119387,0.2760060066492704,1598466435.2051096,-0.2718388256030729,0.07706283430574243,-0.06839125470859275,-0.04343923181295395,-0.2032221853733063,-0.12030837684869763,1598466435.0,200826.0,142715.0,5.901867866516113,23.793054580688477,0.17239812016487122,101.56761932373047,7.226009368896484,0.10396426916122437,103.96427154541016,0.1421406865119934,90.4803237915039,7.644742012023926
1598466436.1663265,43.4100745,-72.0368471,1606094508.641161,213.19,1598466435.9271076,0.30400002002716064,1598466436.052624,9.100000381469727,1598466436.167451,0.42592937780273127,0.05902681699514399,1598466436.186789,-0.1961715125905028,0.1424762390359508,-0.09008657696678238,-0.08544684946537018,-0.004923395346850177,-0.16568419337272644,1598466436.0,200826.0,142716.0,5.901867866516113,23.79296875,0.17237792909145355,101.56573486328125,7.226062774658203,0.10396237671375275,103.9623794555664,0.15306778252124786,90.47403717041016,7.64467716217041
1598466437.1659763,43.4100738,-72.0368433,1606094508.740137,216.84,1598466436.925893,0.3930000066757202,1598466437.402214,9.5,1598466437.1867259,0.35950003387915774,-0.018966434585457072,1598466437.2058272,-0.2241920833379741,0.1720019782280612,-0.06087096647848304,-0.03757466748356819,0.2515423893928528,-0.1131965294480324,1598466437.0,200826.0,142717.0,5.901867866516113,23.79237937927246,0.17243576049804688,101.55767822265625,7.226028919219971,0.1039554700255394,103.9554672241211,0.15116997063159943,90.4598388671875,7.64324426651001
1598466439.165917,43.4100708,-72.0368346,1606094508.94138,232.43,1598466438.906044,0.5250000357627869,1598466438.752566,9.5,1598466439.1667678,0.36111347063958493,-0.11830917683186555,1598466439.1868267,-0.20538677955952947,0.2546238846356871,-0.0726597404238631,0.059385158121585846,-0.1719366014003753,0.4190959334373474,1598466439.0,200826.0,142719.0,5.901867866516113,23.788854598999023,0.1723569631576538,101.54051971435547,7.2261152267456055,0.10394506901502609,103.945068359375,0.15146391093730927,90.43399047851562,7.641528606414795
1598466440.1658666,43.4100692,-72.0368311,1606094509.041342,236.87,1598466439.90587,0.2150000035762787,1598466440.094232,9.800000190734863,1598466440.1671164,0.2267869869120276,-0.22576018818065294,1598466440.1868265,0.04544812089474409,0.22788087433082468,-0.09327660849113267,0.1059902161359787,0.02434789016842852,0.8127133846282959,1598466440.0,200826.0,142720.0,5.901867866516113,23.786306381225586,0.172409325838089,101.53548431396484,7.226261138916016,0.10394440591335297,103.94440460205078,0.15316952764987946,90.4246826171875,7.640683650970459
1598466441.1657894,43.4100671,-72.0368305,1606094509.141084,235.32,1598466441.2054381,0.22300000488758087,1598466441.452653,10.100000381469727,1598466441.186839,0.04705424639555206,-0.21490904563593102,1598466441.2051024,0.18632785490794124,0.13982552169029197,0.017165549419258345,0.11843470484018326,-0.05841679498553268,0.6627941131591797,1598466441.0,200826.0,142721.0,5.901867866516113,23.783790588378906,0.17244483530521393,101.52031707763672,7.226475238800049,0.10393467545509338,103.93467712402344,0.1519170105457306,90.41748809814453,7.6408915519714355
1598466443.165787,43.4100588,-72.0368304,1606094509.34099,236.09,1598466442.9258573,0.6010000109672546,1598466442.792001,10.100000381469727,1598466443.1868727,0.04089155584698191,-0.23649076231517618,1598466443.2052794,0.20617715944072976,-0.019501742039578353,-0.030525189707870763,-0.028445102274417877,-0.0944541245698929,-0.1297566145658493,1598466443.0,200826.0,142723.0,5.901867866516113,23.778345108032227,0.1723356693983078,101.49844360351562,7.22649621963501,0.10392335057258606,103.92334747314453,0.14891214668750763,90.4017333984375,7.639677047729492
1598466444.1651883,43.4100549,-72.0368308,1606094509.440618,238.27,1598466443.9262543,0.3760000169277191,1598466444.152506,10.100000381469727,1598466444.1863983,0.023290404284649895,-0.15829578979953182,1598466444.1868489,-0.003342492461499544,0.017937340897440045,-0.018417044740198018,-0.11296582221984863,0.01485137827694415,-0.08646203577518463,1598466444.0,200826.0,142724.0,5.901867866516113,23.775102615356445,0.1722320020198822,101.4964828491211,7.226490020751953,0.10392704606056213,103.92704772949219,0.141557976603508,90.39297485351562,7.639227867126465
1598466445.1656308,43.410051,-72.0368322,1606094509.540779,237.26,1598466445.2061634,0.3140000104904175,1598466445.488576,10.100000381469727,1598466445.1858435,0.018114918980656404,-0.3094702727408955,1598466445.205811,0.03450496823163648,-0.04040330773038836,-0.053782583166279166,-0.032553043216466904,-0.20623517036437988,-0.10645926743745801,1598466445.0,200826.0,142725.0,5.901867866516113,23.772127151489258,0.17219890654087067,101.49596405029297,7.226498126983643,0.10393345355987549,103.93345642089844,0.14606359601020813,90.3902587890625,7.6398725509643555
1598466447.1658704,43.410042,-72.0368374,1606094509.741046,236.97,1598466446.9260943,0.2370000183582306,1598466446.852652,9.800000190734863,1598466447.1860912,-0.028796499848010356,-0.3086596209362403,1598466447.205826,0.2533197956898101,-0.025144092876627076,-0.04872203835189282,0.11782999336719513,0.16692040860652924,-0.0849687159061432,1598466447.0,200826.0,142727.0,5.901867866516113,23.765703201293945,0.17219258844852448,101.4822006225586,7.226884841918945,0.10393241047859192,103.93241119384766,0.13793078064918518,90.37216186523438,7.639217853546143
1598466448.1656418,43.4100374,-72.0368398,1606094509.841862,235.77,1598466447.925916,0.11400000751018524,1598466448.18691,10.100000381469727,1598466448.1858206,-0.019507306348652175,-0.20909200127938857,1598466448.2051156,0.2684898508326265,0.15765626231278174,-0.044633339785032033,0.006242713890969753,0.08740289509296416,-0.10942021757364274,1598466448.0,200826.0,142728.0,5.901867866516113,23.7623348236084,0.17206670343875885,101.47509765625,7.227138996124268,0.1039319857954979,103.9319839477539,0.14078979194164276,90.36304473876953,7.638794422149658
1598466449.666092,43.41003,-72.0368446,1606094510.040817,237.63,1598466449.9063587,0.23800000548362732,1598466449.552518,9.800000190734863,1598466449.6858323,-0.00836027414942236,-0.08961085769116653,1598466449.7047405,0.384668687469518,0.2139716507412763,-0.014705655021664805,-0.07628562301397324,0.05430534854531287,-0.11918249726295471,1598466450.0,200826.0,142730.0,5.901867866516113,23.75606346130371,0.1719750016927719,101.4676513671875,7.227939128875732,0.10393711179494858,103.9371109008789,0.13451969623565674,90.36019897460938,7.639603614807129
1598466451.1653957,43.4100244,-72.0368498,1606094510.141025,244.0,1598466450.9048457,0.21400001645088196,1598466450.878461,9.5,1598466451.185795,-0.015791628948908905,-0.1692649534166479,1598466451.1860933,0.3676730700551305,0.2738126897496873,-0.0023600453529057904,-0.0591103732585907,0.06186946481466291,-0.16982650756835938,1598466451.0,200826.0,142731.0,5.901867866516113,23.753629684448242,0.17185717821121216,101.4676284790039,7.228349208831787,0.10394158214330673,103.94158172607422,0.14108161628246307,90.36258697509766,7.640213489532471
1598466452.1649654,43.4100226,-72.036851,1606094510.241264,251.68,1598466451.9048574,0.08100000023841858,1598466452.224107,9.5,1598466452.1866994,-0.011147032199229814,-0.11948114358822204,1598466452.18695,0.1541150141346952,0.14502611483429986,-0.13852883669543223,-0.18526944518089294,-0.06842941045761111,-0.18917402625083923,1598466452.0,200826.0,142732.0,5.901867866516113,23.751737594604492,0.17188803851604462,101.46741485595703,7.2285661697387695,0.10394566506147385,103.94566345214844,0.15100832283496857,90.3671875,7.641302108764648
1598466453.6668293,43.4100239,-72.0368498,1606094510.441204,266.06,1598466453.9248538,0.19700001180171967,1598466453.570289,9.5,1598466453.6856856,-0.013004870899101453,-0.1393946675195924,1598466453.7045925,0.02321219100002114,-0.008743871944711962,-0.05903878732603446,0.018382757902145386,0.07547768950462341,-0.005436637438833723,1598466454.0,200826.0,142734.0,5.901867866516113,23.748666763305664,0.17192690074443817,101.46724700927734,7.22865104675293,0.10395174473524094,103.95174407958984,0.14787304401397705,90.36846160888672,7.641875743865967
1598466455.165289,43.4100268,-72.0368494,1606094510.540708,272.24,1598466454.9251616,0.20200000703334808,1598466454.917648,9.5,1598466455.185796,-0.00464459674967909,-0.049783809828425854,1598466455.204822,-0.036518565656953106,-0.058130598800445014,-0.0068284091294609104,0.12566983699798584,-0.13063998520374298,-0.023758413270115835,1598466455.0,200826.0,142735.0,5.8971428871154785,23.74778175354004,0.17188920080661774,101.47075653076172,7.228719711303711,0.10395709425210953,103.95709228515625,0.15063565969467163,90.37115478515625,7.642161846160889
1598466456.1659756,43.4100276,-72.0368488,1606094510.641034,277.48,1598466455.9250052,0.03800000250339508,1598466456.266127,9.5,1598466456.1671886,-0.007431354799486544,-0.07965409572548136,1598466456.185821,-0.04099884802248487,-0.02487423456256313,0.034855505498720865,0.09047405421733856,0.09497816860675812,-0.03491827100515367,1598466456.0,200826.0,142736.0,5.8971428871154785,23.747581481933594,0.17173586785793304,101.47431182861328,7.228873252868652,0.10396119207143784,103.96118927001953,0.14624035358428955,90.38053131103516,7.643362998962402
1598466457.666753,43.4100272,-72.0368471,1606094510.840834,286.1,1598466457.925316,0.09300000220537186,1598466457.611085,9.5,1598466457.6853733,-0.01857838699871636,-0.19913523931370342,1598466457.7043965,-0.05123306028198533,0.048022053723795796,-0.08720930729150238,-0.1104455515742302,-0.18062344193458557,-0.012538623064756371,1598466458.0,200826.0,142738.0,5.8971428871154785,23.748565673828125,0.17150521278381348,101.484130859375,7.229088306427002,0.10396924614906311,103.96924591064453,0.1456748992204666,90.3925552368164,7.644204616546631
1598466459.1652033,43.4100272,-72.0368447,1606094510.940515,288.44,1598466458.9050002,0.09600000083446503,1598466458.959338,9.800000190734863,1598466459.1867347,-0.01764946764878054,-0.18917847734801824,1598466459.1869469,-0.08273837292099545,0.0261665459749813,-0.12164133668496567,-0.0694214254617691,0.16623210906982422,0.022690212354063967,1598466459.0,200826.0,142739.0,5.8971428871154785,23.749292373657227,0.17152610421180725,101.48758697509766,7.2291669845581055,0.10397158563137054,103.97158813476562,0.14201514422893524,90.39493560791016,7.643939971923828
1598466460.1647186,43.4100285,-72.036842,1606094511.040965,289.46,1598466459.9250295,0.06100000441074371,1598466460.30539,9.800000190734863,1598466460.1658092,-0.01672054829884472,-0.17922171538233306,1598466460.186216,-0.10517907883761217,-0.022926840086248165,-0.05711702318227951,-0.11290057748556137,-0.05869422852993011,0.0373731553554535,1598466460.0,200826.0,142740.0,5.8971428871154785,23.750205993652344,0.17144005000591278,101.49127960205078,7.229234218597412,0.10397322475910187,103.97322845458984,0.14914794266223907,90.399658203125,7.643930912017822
1598466461.665815,43.4100296,-72.036838,1606094511.24146,289.43,1598466461.9048483,0.13600000739097595,1598466461.653412,9.800000190734863,1598466461.685796,-0.014862709598973088,-0.15930819145096273,1598466461.705145,-0.13148941312599471,0.005788450288750373,-0.12739372071519875,-0.08001647144556046,0.19609259068965912,-0.05167473480105402,1598466462.0,200826.0,142742.0,5.8971428871154785,23.752744674682617,0.1712195724248886,101.50119018554688,7.229184627532959,0.1039782166481018,103.97821807861328,0.14375604689121246,90.41608428955078,7.645669460296631
1598466463.1645334,43.4100313,-72.0368343,1606094511.340744,288.43,1598466462.924822,0.08000000566244125,1598466462.998662,9.5,1598466463.1857903,-0.00928919349935818,-0.09956761965685171,1598466463.1858866,-0.12845311545486987,-0.04037526187793225,0.00021889372555553748,-0.009631708264350891,0.10156483948230742,-0.12057995051145555,1598466463.0,200826.0,142743.0,5.8971428871154785,23.75464630126953,0.1710965931415558,101.50489044189453,7.229019641876221,0.1039787009358406,103.97869873046875,0.13693867623806,90.42279815673828,7.645421028137207
1598466464.1650596,43.4100318,-72.0368319,1606094511.440841,288.44,1598466463.9048476,0.09100000560283661,1598466464.352521,9.800000190734863,1598466464.1857748,-0.012075951549165635,-0.12943790555390722,1598466464.2045283,-0.08106634578414813,0.0293824199676037,0.026484813269465602,0.0503246933221817,0.1448560059070587,-0.1491009891033173,1598466464.0,200826.0,142744.0,5.8971428871154785,23.756391525268555,0.1710738092660904,101.5083999633789,7.228885173797607,0.10397818684577942,103.97818756103516,0.13712076842784882,90.42902374267578,7.6458306312561035
1598466466.1649594,43.4100315,-72.0368296,1606094511.642109,289.53,1598466465.9247947,0.04800000041723251,1598466465.694293,9.800000190734863,1598466466.185842,-0.0065024354495507265,-0.0696973337597962,1598466465.7048361,3.593207970736665e-05,0.05679851979124544,-0.05259914402812881,0.05269893258810043,0.023943196982145292,-0.15512967109680176,1598466466.0,200826.0,142746.0,5.898717880249023,23.760393142700195,0.17079287767410278,101.5156478881836,7.2288336753845215,0.10397747159004211,103.97747039794922,0.14588305354118347,90.44048309326172,7.646507740020752
1598466467.165067,43.4100308,-72.0368288,1606094511.740807,288.83,1598466466.9248333,0.12300000339746475,1598466467.052508,9.800000190734863,1598466467.1857715,-0.012075951549165635,-0.12943790555390722,1598466467.204811,0.04243551172673553,0.1512907618249016,-0.03935605438292217,0.1469208151102066,0.0320490039885044,-0.07543090730905533,1598466467.0,200826.0,142747.0,5.898717880249023,23.762426376342773,0.170761376619339,101.51912689208984,7.228789806365967,0.10397732257843018,103.97732543945312,0.141618013381958,90.44506072998047,7.646369934082031
1598466468.165089,43.4100302,-72.0368281,1606094511.840929,286.15,1598466467.9248345,0.06400000303983688,1598466468.388994,9.800000190734863,1598466468.1857665,-0.00928919349935818,-0.09956761965685171,1598466468.2048433,0.033808036721227924,0.1490901694295938,-0.115224544102803,0.025225620716810226,0.04761389642953871,-0.09687648713588715,1598466468.0,200826.0,142748.0,5.898717880249023,23.763994216918945,0.17065924406051636,101.52152252197266,7.228714942932129,0.10397616773843765,103.97616577148438,0.14798510074615479,90.44906616210938,7.6465911865234375
1598466470.1649175,43.4100289,-72.0368268,1606094512.041077,276.88,1598466469.904809,0.12300000339746475,1598466469.75251,9.800000190734863,1598466470.185781,-0.001857838699871636,-0.01991352393137034,1598466470.2047677,0.02377842227497605,0.1350974665427627,0.03164835918990082,-0.08776894956827164,-0.06113199517130853,-0.08936756849288939,1598466470.0,200826.0,142750.0,5.898717880249023,23.766525268554688,0.17117245495319366,101.52213287353516,7.228726863861084,0.10397164523601532,103.97164154052734,0.14711564779281616,90.4566421508789,7.6469407081604
1598466471.1649544,43.4100284,-72.0368262,1606094512.141718,271.3,1598466470.9049094,0.029000001028180122,1598466471.083371,9.800000190734863,1598466471.185802,-0.00464459674967909,-0.049783809828425854,1598466471.2047648,0.004438001335001114,0.0993791456276637,-0.030784639648330517,-0.004696625284850597,-0.07697342336177827,-0.06614176183938979,1598466471.0,200826.0,142751.0,5.898717880249023,23.767776489257812,0.1715470552444458,101.52349853515625,7.228790760040283,0.10397077351808548,103.97077178955078,0.14708396792411804,90.45401000976562,7.64677619934082
1598466472.1643398,43.4100275,-72.0368256,1606094512.240201,275.97,1598466472.2048366,0.08400000631809235,1598466472.452517,9.800000190734863,1598466472.1858222,-0.007431354799486544,-0.07965409572548136,1598466472.1860907,0.01917470175789802,0.12433603826513365,-0.06549061111129767,0.017937423661351204,-0.018449697643518455,-0.06932181119918823,1598466472.0,200826.0,142752.0,5.898717880249023,23.768766403198242,0.17165131866931915,101.52611541748047,7.228713512420654,0.10397115349769592,103.97115325927734,0.15468797087669373,90.45642852783203,7.646805763244629
1598466474.164794,43.4100258,-72.0368233,1606094512.44046,302.26,1598466473.925193,0.0430000014603138,1598466473.778117,9.5,1598466474.185903,-0.012075951549165635,-0.12943790555390722,1598466474.2048147,-0.04410102973282193,0.09216333202725938,-0.049269235243372206,0.07745595276355743,-0.015363731421530243,0.03450244292616844,1598466474.0,200826.0,142754.0,5.898717880249023,23.770715713500977,0.1718403697013855,101.51604461669922,7.228528022766113,0.10395688563585281,103.9568862915039,0.14372047781944275,90.45731353759766,7.6465888023376465
1598466475.1647122,43.4100252,-72.0368223,1606094512.540268,301.98,1598466474.9248579,0.15200001001358032,1598466475.124853,8.800000190734863,1598466475.185825,-0.007431354799486544,-0.07965409572548136,1598466475.2043173,0.0011302773996917002,0.04911009073485802,-0.0712028797458387,-0.03135989233851433,-0.0028454810380935647,0.016163332387804985,1598466475.0,200826.0,142755.0,5.901867866516113,23.77119255065918,0.17176036536693573,101.50945281982422,7.228547096252441,0.10394933819770813,103.9493408203125,0.1451316922903061,90.45263671875,7.6460185050964355
1598466476.1648908,43.4100255,-72.0368217,1606094512.640278,296.15,1598466476.2047822,0.10200000554323196,1598466476.45947,8.5,1598466476.1858509,-0.00928919349935818,-0.09956761965685171,1598466476.2043064,0.06869068588356037,-0.05707712037625605,-0.06959239503237465,-0.04009940102696419,0.10167514532804489,-0.009505013003945363,1598466476.0,200826.0,142756.0,5.901867866516113,23.771257400512695,0.1717926561832428,101.51163482666016,7.22860050201416,0.10395126044750214,103.95126342773438,0.14091986417770386,90.44950103759766,7.645986557006836
1598466478.1647747,43.4100267,-72.0368199,1606094512.840244,297.41,1598466477.925114,0.1860000044107437,1598466477.802065,8.5,1598466478.185886,-0.00928919349935818,-0.09956761965685171,1598466478.2048507,0.06852331414345637,-0.10084949562976125,-0.038315819114540975,0.15077732503414154,0.013555000536143781,0.015978822484612465,1598466478.0,200826.0,142758.0,5.901867866516113,23.77106285095215,0.17173080146312714,101.5098876953125,7.228540897369385,0.10394987463951111,103.94987487792969,0.1440868079662323,90.44277954101562,7.6451849937438965
1598466479.1647758,43.4100267,-72.0368186,1606094512.940594,313.59,1598466478.9248276,0.164000004529953,1598466479.1525,8.800000190734863,1598466479.1859748,-0.013004870899101453,-0.1393946675195924,1598466479.186692,0.04154766243582092,-0.04060198032260343,-0.05143660017663264,0.20616042613983154,0.07905609905719757,0.04529514536261558,1598466479.0,200826.0,142759.0,5.901867866516113,23.77069854736328,0.17162856459617615,101.51031494140625,7.228529930114746,0.10395089536905289,103.95089721679688,0.14233893156051636,90.4327392578125,7.644511699676514
1598466480.1647809,43.410027,-72.0368177,1606094513.040882,321.42,1598466480.2040608,0.032999999821186066,1598466480.498798,9.100000381469727,1598466480.1857078,-0.0027867580498074536,-0.02987028589705551,1598466480.2037878,0.003460790207980147,-0.03757786762670788,-0.08951015345337449,0.10765866190195084,0.12442377209663393,0.08055010437965392,1598466480.0,200826.0,142800.0,5.901867866516113,23.770263671875,0.17169377207756042,101.50872802734375,7.228498935699463,0.10395030677318573,103.95030975341797,0.13697047531604767,90.43303680419922,7.644069671630859
1598466482.1647882,43.4100285,-72.0368151,1606094513.24415,319.96,1598466481.9248624,0.04800000041723251,1598466481.852642,9.5,1598466482.1661203,-0.01764946764878054,-0.18917847734801824,1598466482.2038822,-0.0574293169064764,-0.1314578257143302,-0.0100877102427188,0.09579659253358841,0.2013656049966812,0.0641396418213844,1598466482.0,200826.0,142802.0,5.901867866516113,23.769018173217773,0.17187461256980896,101.5025405883789,7.228415012359619,0.1039465069770813,103.9465103149414,0.13990649580955505,90.41948699951172,7.643391132354736
1598466483.1646721,43.4100292,-72.0368142,1606094513.341384,320.19,1598466482.9038212,0.1340000033378601,1598466483.191869,9.5,1598466483.1658602,-0.011147032199229814,-0.11948114358822204,1598466483.2038972,-0.07894191089013636,-0.08239573334884047,-0.031122622267855435,0.106031134724617,0.0808791220188141,0.11755133420228957,1598466483.0,200826.0,142803.0,5.901867866516113,23.768102645874023,0.17189812660217285,101.5027847290039,7.228455066680908,0.10394848138093948,103.94847869873047,0.14105242490768433,90.41290283203125,7.642542839050293
1598466484.665834,43.4100291,-72.0368131,1606094513.540341,320.16,1598466484.9248657,0.09200000762939453,1598466484.552687,9.5,1598466484.6851282,-0.007197814089770245,-0.05956669767856117,1598466484.7037303,-0.07764310212170727,-0.0731784139318313,-0.05843010831904635,0.10754489153623581,0.13357613980770106,-0.34431764483451843,1598466485.0,200826.0,142805.0,5.900292873382568,23.766197204589844,0.17207017540931702,101.49871826171875,7.228394508361816,0.10394813865423203,103.94813537597656,0.14174820482730865,90.41482543945312,7.642822265625
1598466486.1647542,43.4100286,-72.0368145,1606094513.640012,319.88,1598466485.9247968,0.11800000816583633,1598466485.89092,9.5,1598466486.1848378,-0.008397449771398622,-0.06949448062498804,1598466486.203981,0.07983215395999901,0.053033158326504404,-0.07770188390800341,0.015937305986881256,-0.01500054355710747,-0.1693541705608368,1598466486.0,200826.0,142806.0,5.900292873382568,23.76544761657715,0.17201568186283112,101.50182342529297,7.2283806800842285,0.1039530336856842,103.95303344726562,0.14715713262557983,90.4175033569336,7.64345645904541
1598466487.1643472,43.4100286,-72.0368157,1606094513.740355,319.39,1598466486.9247854,0.08100000023841858,1598466487.25248,9.5,1598466487.1848814,-0.01919417090605399,-0.1588445271428298,1598466487.2039397,0.1692723622729333,0.08399822362823711,-0.04098125350153668,-0.021054930984973907,-0.03796344995498656,0.08651693910360336,1598466487.0,200826.0,142807.0,5.900292873382568,23.764951705932617,0.1719457358121872,101.50908660888672,7.228395462036133,0.10396147519350052,103.96147155761719,0.14328588545322418,90.41405487060547,7.643340110778809
1598466488.6658013,43.4100298,-72.036817,1606094513.940974,317.79,1598466488.9249244,0.1680000126361847,1598466488.587471,9.5,1598466488.684784,-0.023992713632567487,-0.19855565892853724,1598466488.703783,0.17951507095830305,0.03428669054894272,-0.07308089993922263,0.07182571291923523,-0.049976281821727746,0.03567317500710488,1598466489.0,200826.0,142809.0,5.900292873382568,23.764936447143555,0.17201362550258636,101.51541137695312,7.2285685539245605,0.10396812111139297,103.96812438964844,0.13777536153793335,90.41854095458984,7.643486022949219
1598466490.1645155,43.4100307,-72.0368172,1606094514.041387,316.73,1598466489.9239695,0.1680000126361847,1598466489.95251,9.100000381469727,1598466490.165926,-0.021593442269310738,-0.17870009303568352,1598466490.203485,0.07810749193693489,-0.040945744809838605,-0.07952961787619613,-0.08502171188592911,-0.10597688704729082,-0.11361289769411086,1598466490.0,200826.0,142810.0,5.900292873382568,23.765188217163086,0.17194774746894836,101.51416015625,7.2286787033081055,0.10396619141101837,103.96619415283203,0.14226852357387543,90.42369842529297,7.644039154052734
1598466491.1648166,43.4100315,-72.0368168,1606094514.140188,317.52,1598466490.9049292,0.03400000184774399,1598466491.280887,9.5,1598466491.1849334,-0.008397449771398622,-0.06949448062498804,1598466491.1856344,0.0821411930538117,-0.051780828268925494,-0.04294294051738411,-0.08496078103780746,-0.10463651269674305,-0.30546122789382935,1598466491.0,200826.0,142811.0,5.900292873382568,23.76551055908203,0.17179779708385468,101.51372528076172,7.228800296783447,0.10396519303321838,103.96519470214844,0.13933104276657104,90.4243392944336,7.643975734710693
1598466492.66579,43.4100321,-72.0368158,1606094514.341005,319.35,1598466492.9038763,0.10400000214576721,1598466492.626393,9.5,1598466492.684351,-0.004798542726513497,-0.03971113178570745,1598466492.7037637,0.11589347355196511,-0.012967513159623176,-0.006623526267221919,-0.06325884908437729,-0.0612633116543293,-0.0027346201241016314,1598466493.0,200826.0,142813.0,5.900292873382568,23.76556396484375,0.171737939119339,101.5102310180664,7.228853702545166,0.10396145284175873,103.96145629882812,0.1352631151676178,90.43022918701172,7.645115852355957
1598466494.1648998,43.4100312,-72.0368146,1606094514.441431,319.25,1598466493.9037473,0.09400000423192978,1598466493.975229,9.800000190734863,1598466494.1668754,-0.010796721134655369,-0.08935004651784176,1598466494.184841,0.06323373592846428,0.06612413152291571,0.05859847831421372,0.06515107303857803,-0.09695848077535629,0.01609533652663232,1598466494.0,200826.0,142814.0,5.900292873382568,23.765607833862305,0.1718374639749527,101.51056671142578,7.228879451751709,0.10396166145801544,103.96166229248047,0.13640768826007843,90.4283218383789,7.644312381744385
1598466495.1642237,43.41003,-72.0368131,1606094514.539898,319.09,1598466494.9038138,0.0950000062584877,1598466495.320096,9.5,1598466495.1847875,-0.008397449771398622,-0.06949448062498804,1598466495.1848795,0.030165293142186925,0.05532924379358512,-0.006962354506746227,0.08960101753473282,0.04739886522293091,-0.010170759633183485,1598466495.0,200826.0,142815.0,5.900292873382568,23.765731811523438,0.17187578976154327,101.51354217529297,7.228986740112305,0.10396455973386765,103.96456146240234,0.13849897682666779,90.43045806884766,7.644784927368164
1598466497.1641574,43.4100282,-72.0368099,1606094514.739963,319.8,1598466496.9239178,0.10000000149011612,1598466496.665451,9.800000190734863,1598466496.6841927,-0.013195992497912118,-0.10920561241069549,1598466496.684666,-0.018613852475808015,0.004025585478511533,-0.03908126922504513,-0.039231568574905396,-0.11877519637346268,0.00586913432925941,1598466497.0,200826.0,142817.0,5.900292873382568,23.767065048217773,0.1716936230659485,101.51812744140625,7.228980541229248,0.10396663099527359,103.96662902832031,0.14068599045276642,90.43914794921875,7.645286560058594
1598466498.164,43.4100273,-72.0368087,1606094514.840128,320.03,1598466497.9239619,0.029000001028180122,1598466498.01372,9.5,1598466498.1847034,-0.008397449771398622,-0.06949448062498804,1598466498.2035284,-0.014079969425598629,0.0175008122275019,-0.07456554556960714,0.03181776776909828,0.15868069231510162,0.010767200961709003,1598466498.0,200826.0,142818.0,5.900292873382568,23.767839431762695,0.17168021202087402,101.51861572265625,7.2288498878479,0.10396536439657211,103.96536254882812,0.1370643973350525,90.44214630126953,7.645423412322998
1598466499.1640272,43.4100265,-72.0368077,1606094514.941106,318.29,1598466498.9238229,0.05700000375509262,1598466499.362102,9.5,1598466499.1847696,-0.016794899542797243,-0.1389889612499761,1598466499.2038255,0.0010131056872950796,-0.003669538093380828,-0.07047368604220851,-0.028530331328511238,0.1924709677696228,-0.0012938301078975437,1598466499.0,200826.0,142819.0,5.900292873382568,23.769105911254883,0.1716802418231964,101.51727294921875,7.228628635406494,0.10396156460046768,103.96156311035156,0.14090219140052795,90.4373550415039,7.644784927368164
1598466501.164189,43.4100248,-72.0368049,1606094515.140815,312.76,1598466500.9238372,0.15300001204013824,1598466500.707054,9.5,1598466501.1847951,-0.009597085453026994,-0.0794222635714149,1598466501.2032835,-0.030141478414560777,-0.034453295192662776,-0.01636676702012692,-0.02889426052570343,0.03476531431078911,0.023145308718085286,1598466501.0,200826.0,142821.0,5.900292873382568,23.76953125,0.17166884243488312,101.51577758789062,7.22844934463501,0.10395901650190353,103.95901489257812,0.13967257738113403,90.4399642944336,7.644830703735352
1598466502.1639616,43.4100239,-72.0368032,1606094515.242046,309.53,1598466501.9239142,0.05700000375509262,1598466502.055006,9.5,1598466502.1848028,-0.01439562817954049,-0.11913339535712233,1598466502.2032645,0.013256620372664842,-0.05052087487079671,-0.030135886065055812,-0.008961702696979046,-0.11617744714021683,0.01809133775532247,1598466502.0,200826.0,142822.0,5.900292873382568,23.76967430114746,0.171584814786911,101.5140380859375,7.228400707244873,0.10395694524049759,103.95694732666016,0.1464478075504303,90.44235229492188,7.645148754119873
1598466503.16395,43.4100227,-72.0368017,1606094515.340802,306.85,1598466502.9238663,0.052000001072883606,1598466503.400307,9.5,1598466503.1847894,-0.004798542726513497,-0.03971113178570745,1598466503.2038195,-0.048771205262872805,-0.08971910268843171,-0.0819446103385917,-0.0378909595310688,0.013854592107236384,-0.013286991044878961,1598466503.0,200826.0,142823.0,5.900292873382568,23.76961326599121,0.17160765826702118,101.51482391357422,7.228403568267822,0.10395769029855728,103.95768737792969,0.14348021149635315,90.43960571289062,7.645092010498047
1598466505.1638389,43.4100206,-72.0367988,1606094515.540669,320.3,1598466504.9039853,0.027000000700354576,1598466504.75253,9.5,1598466505.1848104,-0.016794899542797243,-0.1389889612499761,1598466505.1850471,0.0033007568299829528,-0.06380524289209322,0.021418351405448156,0.055219266563653946,0.0189012959599495,0.05383089929819107,1598466505.0,200826.0,142825.0,5.900292873382568,23.769256591796875,0.17164665460586548,101.51223754882812,7.228392601013184,0.10395589470863342,103.95589447021484,0.14630307257175446,90.4344482421875,7.64459753036499
1598466506.1638973,43.4100198,-72.0367975,1606094515.640922,330.48,1598466505.903842,0.20600001513957977,1598466506.092922,9.5,1598466506.1847513,-0.023992713632567487,-0.19855565892853724,1598466506.184844,-0.020730210923518507,-0.04911327889302952,-0.10180188673031997,0.015592951327562332,0.2653922736644745,0.00778230372816321,1598466506.0,200826.0,142826.0,5.900292873382568,23.76915168762207,0.17163926362991333,101.51107788085938,7.2282538414001465,0.10395497828722,103.9549789428711,0.14324182271957397,90.43291473388672,7.644001483917236
1598466507.1637685,43.4100192,-72.0367958,1606094515.740806,337.86,1598466507.203875,0.13500000536441803,1598466507.452514,9.5,1598466507.184769,-0.015595263861168867,-0.1290611783035492,1598466507.1848633,-0.019105042016973127,-0.06502940161725748,-0.030979039517861164,-0.030765270814299583,0.18554243445396423,-0.01097416412085297,1598466507.0,200826.0,142827.0,5.900292873382568,23.768814086914062,0.1715659648180008,101.51251220703125,7.228231430053711,0.10395704209804535,103.95703887939453,0.14262402057647705,90.43294525146484,7.644237041473389
