1587843383.203947,43.4106405,-72.0358661,1605595632.827725,137.33,1587843382.9678242,2.7989566326141357,1587843383.106203,28.799999237060547,1587843383.071947,0.9253634877130632,-0.4523299853066516,1587843383.223947,0.8964007328970676,0.011702315296704707,-0.056535713111355926,-0.05046466737985611,-0.11419043689966205,-0.1918779611587524,1587843383.0,200425.0,153623.0,6.116080284118652,7.4198174476623535,0.25212183594703674,71.87779235839844,7.067986488342285,0.10821407288312912,108.21407318115234,-0.1463480144739151,96.57501983642578,11.59915542602539
1587843384.203947,43.4106336,-72.0358553,1605595633.02764,150.8,1587843384.2478719,3.3434901237487793,1587843384.472575,29.200000762939453,1587843384.071947,0.9532975446425016,-0.7288510076679441,1587843384.223947,1.0333690611958664,0.06200513767783103,0.14287985435858913,-0.018992681056261063,0.01202045381069181,-0.1938008964061737,1587843384.0,200425.0,153624.0,6.116080284118652,7.4201741218566895,0.2524135708808899,71.88298797607422,7.068687915802002,0.10822152346372604,108.22152709960938,-0.1499604433774948,96.5907974243164,11.600342750549316
1587843386.203947,43.4106153,-72.0358371,1605595633.427517,151.02,1587843385.9677854,3.519970417022705,1587843385.854833,30.5,1587843386.071947,0.5038573657911601,-0.840552053675436,1587843386.223947,1.0203712552596529,0.17698371545870836,-0.02590233864013106,0.005926069803535938,0.0640200302004814,-0.10369717329740526,1587843386.0,200425.0,153626.0,6.116080284118652,7.418631076812744,0.2529434859752655,71.87821960449219,7.070032119750977,0.10821852833032608,108.2185287475586,-0.1460699588060379,96.56900024414062,11.598786354064941
1587843387.203947,43.4106066,-72.03583,1605595633.627435,151.24,1587843386.9678864,1.2623162269592285,1587843387.236992,30.5,1587843387.071947,0.5902586369341386,-0.856267914571516,1587843387.223947,1.0804427506634684,0.13487441661615693,-0.0013269366339979036,0.024690385907888412,-0.10770747065544128,0.04759125784039499,1587843387.0,200425.0,153627.0,6.116080284118652,7.421018600463867,0.2531373202800751,71.90557098388672,7.0706706047058105,0.1082521602511406,108.25215911865234,-0.14863044023513794,96.61031341552734,11.603748321533203
1587843388.703947,43.410594,-72.0358199,1605595634.027373,116.72,1587843388.9678,1.2490997314453125,1587843388.619172,31.399999618530273,1587843389.071947,0.5597449648343902,-0.8165693934642343,1587843388.723947,1.0370092018048613,0.11253039374371146,0.11525757533932848,0.1024249941110611,-0.049160249531269025,0.3740917146205902,1587843389.0,200425.0,153629.0,6.116080284118652,7.438854694366455,0.2539336681365967,71.96041870117188,7.072015285491943,0.10827919840812683,108.2791976928711,-0.15207189321517944,96.71148681640625,11.612884521484375
1587843390.203947,43.4105837,-72.0358083,1605595634.22728,114.23,1587843389.966825,0.8319696187973022,1587843390.006566,30.5,1587843390.071947,0.7211238888859499,-0.7071635856561084,1587843390.223947,1.0152897140406822,-0.0627022635288562,0.0010491580336973796,-0.0022521354258060455,-0.045594565570354406,0.4610447287559509,1587843390.0,200425.0,153630.0,6.116080284118652,7.4526519775390625,0.254253089427948,71.98290252685547,7.072650909423828,0.10827561467885971,108.2756118774414,-0.15766243636608124,96.74556732177734,11.614495277404785
1587843391.203947,43.4105787,-72.0357964,1605595634.427493,121.29,1587843390.9668834,3.013545513153076,1587843391.406673,28.799999237060547,1587843391.071947,0.9464485305080309,-0.4546814039513701,1587843391.223947,1.0482219419880685,-0.1334119277031569,0.02849596090467945,0.026146452873945236,0.032462939620018005,-0.0004304156173020641,1587843391.0,200425.0,153631.0,6.114505290985107,7.465810298919678,0.2545356750488281,72.01277923583984,7.073329925537109,0.10827410221099854,108.27410125732422,-0.15792393684387207,96.81246185302734,11.617916107177734
1587843393.203947,43.4105693,-72.0357712,1605595634.82727,143.89,1587843392.9667807,2.6989455223083496,1587843392.766025,29.799999237060547,1587843393.071947,1.0268488286960284,-0.5607864861117772,1587843393.223947,1.155478688472062,0.058678992590258536,0.025829309653406622,-0.08565053343772888,-0.04159834980964663,-0.18096138536930084,1587843393.0,200425.0,153633.0,6.114505290985107,7.502747058868408,0.25499826669692993,72.06780242919922,7.074531078338623,0.10824201256036758,108.24201202392578,-0.16124802827835083,96.95458984375,11.626811981201172
1587843394.203947,43.4105628,-72.0357601,1605595635.027215,139.98,1587843393.9669073,3.292855739593506,1587843394.148344,30.100000381469727,1587843394.071947,0.8928751639845303,-0.6925849706278631,1587843394.242947,1.1585356791442734,0.07695617680613895,-0.01665266692750967,-0.004480390809476376,0.03207167983055113,-0.1898277848958969,1587843394.0,200425.0,153634.0,6.114505290985107,7.5234246253967285,0.2552427053451538,72.0862045288086,7.0750412940979,0.10821323096752167,108.2132339477539,-0.16258984804153442,96.99932861328125,11.62596607208252
1587843395.703947,43.4105522,-72.0357449,1605595635.427263,112.03,1587843395.96681,0.4963721036911011,1587843395.530562,30.799999237060547,1587843395.6719472,0.8207909401703108,-0.7323265887118516,1587843395.723947,1.1275047532118385,0.11063571275262662,0.022241932271572284,-0.09193354845046997,-0.09697047621011731,0.17091603577136993,1587843396.0,200425.0,153636.0,6.114505290985107,7.559873580932617,0.2561185657978058,72.137451171875,7.076051712036133,0.10817620158195496,108.17620086669922,-0.16817764937877655,97.0739517211914,11.624088287353516
1587843397.203947,43.4105452,-72.0357289,1605595635.627294,114.27,1587843396.966874,0.8148167133331299,1587843396.912726,29.200000762939453,1587843397.071947,0.897104200397392,-0.44181902814314805,1587843397.223947,1.0691616371806107,0.027397267182195196,0.06449420777676494,0.0164286307990551,0.10675594210624696,0.1537085920572281,1587843397.0,200425.0,153637.0,6.114505290985107,7.57513427734375,0.2564420700073242,72.15921783447266,7.0765910148620605,0.10815472155809402,108.15472412109375,-0.16468821465969086,97.1083984375,11.623249053955078
1587843398.203947,43.410542,-72.0357162,1605595635.82715,121.91,1587843397.9658427,1.2441489696502686,1587843398.306714,27.200000762939453,1587843398.071947,1.0247860925760564,-0.3409009599028706,1587843398.223947,1.1423475799599179,0.050911907971539196,0.0716104514517481,-0.01862950250506401,-0.04776927456259728,-0.0844789668917656,1587843398.0,200425.0,153638.0,6.114505290985107,7.593141555786133,0.25664621591567993,72.19070434570312,7.0771589279174805,0.10815395414829254,108.1539535522461,-0.16478331387043,97.17522430419922,11.625569343566895
1587843399.703947,43.4105368,-72.0356966,1605595636.227248,124.61,1587843399.965753,2.050236701965332,1587843399.677248,25.899999618530273,1587843400.071947,0.9816608901720766,-0.4502686939001716,1587843399.723947,1.1158545178052774,0.14029811648870322,-0.0011431312126294058,0.018932320177555084,0.005626635625958424,-0.15327399969100952,1587843400.0,200425.0,153640.0,6.114505290985107,7.633664608001709,0.2572733163833618,72.22398376464844,7.078022003173828,0.10807713121175766,108.07713317871094,-0.16694296896457672,97.24028778076172,11.623064994812012
1587843401.203947,43.4105297,-72.0356784,1605595636.426835,122.23,1587843400.9657695,2.08073353767395,1587843401.059449,26.200000762939453,1587843401.071947,0.8306293800270967,-0.481305342829062,1587843401.223947,0.9766208409180567,0.2045913884549574,0.05937159018616665,-0.13430511951446533,-0.021427646279334994,0.2213372439146042,1587843401.0,200425.0,153641.0,6.117655277252197,7.6444830894470215,0.2576256990432739,72.2155532836914,7.078390598297119,0.10802469402551651,108.02469635009766,-0.16379694640636444,97.20755767822266,11.61436939239502
1587843402.203947,43.410526,-72.0356664,1605595636.62685,129.6,1587843401.9657502,4.205022811889648,1587843402.441654,27.5,1587843402.071947,0.9189877681866339,-0.4190005750871349,1587843402.223947,1.0743603500819352,0.12195392241396144,0.08842232632690522,0.04575927183032036,0.007824780419468876,-0.02485520951449871,1587843402.0,200425.0,153642.0,6.117655277252197,7.650089740753174,0.25797995924949646,72.20820617675781,7.078650951385498,0.10799790173768997,107.9979019165039,-0.16691698133945465,97.16534423828125,11.605963706970215
1587843404.203947,43.4105162,-72.0356416,1605595637.027001,144.58,1587843403.9658382,3.5247344970703125,1587843403.823857,25.5,1587843404.071947,0.9905355312755308,-0.5643043161988943,1587843404.223947,1.0784788503651157,0.24809009166323467,0.07756041035296704,-0.02453664317727089,-0.07996149361133578,-0.19102300703525543,1587843404.0,200425.0,153644.0,6.117655277252197,7.654411792755127,0.25828054547309875,72.21943664550781,7.079396724700928,0.10799999535083771,107.99999237060547,-0.15913596749305725,97.10199737548828,11.595919609069824
1587843405.2049472,43.4105103,-72.0356306,1605595637.227638,140.46,1587843404.9657567,3.998361825942993,1587843405.206622,27.5,1587843405.071947,0.8411797371657165,-0.6449935269301672,1587843405.223947,1.12323858044339,0.3003881933137528,0.11489088589944443,0.02449706196784973,-0.060326110571622855,-0.0710872635245323,1587843405.0,200425.0,153645.0,6.117655277252197,7.654203414916992,0.25855353474617004,72.21562957763672,7.079904556274414,0.10799481719732285,107.99481964111328,-0.1600336879491806,97.06566619873047,11.591050148010254
1587843406.703947,43.4105008,-72.0356147,1605595637.627171,110.94,1587843406.964778,5.366452693939209,1587843406.606425,27.200000762939453,1587843407.071947,0.9730783328123084,-0.6314416506782065,1587843406.723947,1.0203224915469076,0.2517522073389129,0.051860901684890284,-0.010806409642100334,0.009816981852054625,0.23435144126415253,1587843407.0,200425.0,153647.0,6.117655277252197,7.648197650909424,0.25921955704689026,72.20722198486328,7.0811052322387695,0.10800077766180038,108.00077819824219,-0.14893727004528046,96.99047088623047,11.582954406738281
1587843408.203947,43.4104947,-72.0355963,1605595637.826925,112.14,1587843407.9647825,4.110963344573975,1587843407.970964,29.200000762939453,1587843408.071947,1.1006851042948549,-0.33315507077549356,1587843408.223947,1.2019630386776659,0.08049768329175438,-0.0164831294186671,0.04725191742181778,0.00480592250823976,0.1136358454823494,1587843408.0,200425.0,153648.0,6.117655277252197,7.643741130828857,0.2593301832675934,72.19147491455078,7.0817766189575195,0.10798853635787964,107.98853302001953,-0.14086361229419708,96.94567108154297,11.57866382598877
1587843409.203947,43.4104923,-72.035583,1605595638.026615,106.67,1587843408.9647887,4.4739766120910645,1587843409.353241,29.799999237060547,1587843409.071947,1.0406533985062005,-0.24887849279818272,1587843409.223947,1.1225303585701298,0.14851280203514589,0.10675768974588859,-0.06391046941280365,0.050295796245336526,-0.05495512485504151,1587843409.0,200425.0,153649.0,6.117655277252197,7.638078689575195,0.25973188877105713,72.17652130126953,7.082379341125488,0.10798607766628265,107.98607635498047,-0.1413218080997467,96.89993286132812,11.574968338012695
1587843411.203947,43.4104895,-72.0355549,1605595638.4268,85.74,1587843410.9648411,4.919271945953369,1587843410.73545,29.200000762939453,1587843411.071947,1.0374992248387656,-0.16154057836642943,1587843411.223947,1.020315076723256,0.14558976620127903,0.06943243959833639,-0.01982184499502182,0.01225390471518043,0.2701709568500519,1587843411.0,200425.0,153651.0,6.116080284118652,7.619832515716553,0.2605559825897217,72.14497375488281,7.0837507247924805,0.1079951748251915,107.99517822265625,-0.1382238268852234,96.79672241210938,11.565991401672363
1587843412.203947,43.4104905,-72.0355418,1605595638.626861,87.79,1587843411.9638946,5.4824371337890625,1587843412.117641,29.5,1587843412.071947,0.9836972572506558,0.1798324388911443,1587843412.223947,1.0652052108377303,0.05987841611300969,0.04016065754376331,0.016217174008488655,-0.05444609001278876,0.1378488689661026,1587843412.0,200425.0,153652.0,6.116080284118652,7.603315830230713,0.26073357462882996,72.1117172241211,7.084322452545166,0.10798871517181396,107.98871612548828,-0.13500423729419708,96.69329071044922,11.55539608001709
1587843413.703947,43.4104947,-72.035522,1605595639.02677,78.52,1587843413.9638772,5.528975009918213,1587843413.506508,33.400001525878906,1587843413.6719472,1.0502554506758495,0.2916564559986085,1587843413.723947,1.070862810770629,0.20953579643499057,0.02058733074135235,0.026432901620864868,0.034894891083240495,-0.10192818194627762,1587843414.0,200425.0,153654.0,6.116080284118652,7.5639424324035645,0.2616143524646759,72.07715606689453,7.085227966308594,0.10805968195199966,108.05968475341797,-0.12690657377243042,96.60211181640625,11.555952072143555
1587843415.203947,43.4104988,-72.0355026,1605595639.226714,72.47,1587843414.9639068,5.328860759735107,1587843414.906867,30.799999237060547,1587843415.071947,0.9381252606614066,0.316260960772853,1587843415.223947,1.0101386931383811,0.24334382810537267,0.026192926671963455,-0.018838882446289062,0.0208008643239737,0.3546929955482483,1587843415.0,200425.0,153655.0,6.116080284118652,7.550785064697266,0.2621433436870575,72.06888580322266,7.085566520690918,0.10809466987848282,108.09467315673828,-0.14318272471427917,96.581787109375,11.558808326721191
1587843416.203947,43.4105034,-72.035491,1605595639.427679,56.19,1587843415.9638884,4.3155903816223145,1587843416.264652,27.799999237060547,1587843416.071947,0.9478722813842969,0.4517058093309498,1587843416.223947,1.0079548740549176,0.23892050329357986,0.023491449670764105,-0.06000259891152382,0.00849667005240918,0.07006410509347916,1587843416.0,200425.0,153656.0,6.116080284118652,7.536083221435547,0.26275286078453064,72.04872131347656,7.086040496826172,0.10810377448797226,108.10377502441406,-0.13724909722805023,96.5304183959961,11.556011199951172
1587843417.703947,43.4105127,-72.0354765,1605595639.826631,64.43,1587843417.9638317,3.3919293880462646,1587843417.647081,30.100000381469727,1587843418.071947,0.6644481123678215,0.7473344003662877,1587843417.723947,1.08115375846603,0.16619103810619734,0.01549393211740396,0.008646243251860142,-0.038594994693994515,0.07505235075950623,1587843418.0,200425.0,153658.0,6.116080284118652,7.497390270233154,0.26331180334091187,71.98250579833984,7.08662748336792,0.10812093317508698,108.12093353271484,-0.14371444284915924,96.38711547851562,11.547483444213867
1587843419.203947,43.410524,-72.0354643,1605595640.026411,51.01,1587843418.9638813,3.155160427093506,1587843419.029497,30.100000381469727,1587843419.071947,0.7372477953018388,0.8297985829841951,1587843419.223947,1.0247854804230827,0.30061446372846456,0.08420348706569099,-0.013851501978933811,-0.0008049923926592065,-0.1567557454109192,1587843419.0,200425.0,153659.0,6.116080284118652,7.474981307983398,0.2634100615978241,71.94975280761719,7.086915969848633,0.10815086215734482,108.15086364746094,-0.1460687518119812,96.3326644897461,11.547476768493652
1587843420.203947,43.4105305,-72.0354549,1605595640.226277,40.67,1587843419.9628348,3.3518738746643066,1587843420.411859,32.099998474121094,1587843420.071947,0.703811194370743,0.6528780917433423,1587843420.223947,0.9828501298895626,0.2327545873700155,0.07327598941384043,0.023476116359233856,0.008303567767143298,0.3961847126483917,1587843420.0,200425.0,153700.0,6.116080284118652,7.449613094329834,0.26348018646240234,71.92781829833984,7.0869526863098145,0.10818707197904587,108.18707275390625,-0.13909462094306946,96.2795639038086,11.547626495361328
1587843422.2049472,43.4105464,-72.0354418,1605595640.626372,22.95,1587843421.9628897,3.6337690353393555,1587843421.806564,31.799999237060547,1587843422.0739472,0.31658840899037705,0.9380148076085695,1587843422.223947,1.049128481930879,0.06524482440761335,-0.0008409839454985163,0.050833288580179214,0.08200718462467196,0.2041981816291809,1587843422.0,200425.0,153702.0,6.114505290985107,7.4086174964904785,0.26361170411109924,71.90120697021484,7.087006092071533,0.10827694833278656,108.27694702148438,-0.1304769366979599,96.23885345458984,11.55525016784668
1587843423.203947,43.4105559,-72.0354384,1605595640.826243,32.96,1587843422.96289,3.7666432857513428,1587843423.176536,30.100000381469727,1587843423.0739472,0.18148781906007164,1.0240420750793489,1587843423.223947,1.0910297671147724,0.11814007385065754,0.051060779724491516,-0.014050867408514023,0.04330125451087951,-0.05481392145156861,1587843423.0,200425.0,153703.0,6.114505290985107,7.392446041107178,0.26371005177497864,71.89431762695312,7.086934566497803,0.1083185002207756,108.31849670410156,-0.13114409148693085,96.23788452148438,11.561659812927246
1587843424.703947,43.4105707,-72.0354324,1605595641.226576,35.06,1587843424.962734,3.5578982830047607,1587843424.558844,26.899999618530273,1587843424.673947,0.27097631040680226,1.0764162016610102,1587843424.723947,1.0687163635987025,0.21826889993760187,-0.006513836875070194,0.06919761747121811,-0.049449000507593176,-0.18613237142562866,1587843425.0,200425.0,153705.0,6.114505290985107,7.366696834564209,0.2637324929237366,71.87090301513672,7.086721420288086,0.10836441814899445,108.36441802978516,-0.14470098912715912,96.21054077148438,11.56631088256836
1587843426.203947,43.4105847,-72.0354233,1605595641.427359,34.47,1587843425.9627807,3.5815951824188232,1587843425.941157,29.5,1587843426.0739472,0.45074688305681915,0.8589105002353634,1587843426.223947,1.102543820561441,0.2868891659790286,0.11722417491733395,0.0006160195916891098,-0.0017182473093270926,0.2691647708415985,1587843426.0,200425.0,153706.0,6.114505290985107,7.3589653968811035,0.2639228403568268,71.89006805419922,7.0863871574401855,0.10842227935791016,108.42227935791016,-0.1204281598329544,96.24382781982422,11.57419490814209
1587843427.203947,43.4105944,-72.035417,1605595641.626411,42.86,1587843426.9618328,0.18781447410583496,1587843427.323655,30.799999237060547,1587843427.0739472,0.3892555166989825,0.9751821074647586,1587843427.242947,1.1778619479845571,0.2534745660661457,-0.009678765213421349,0.025287583470344543,-0.0728992372751236,-0.02634757198393344,1587843427.0,200425.0,153707.0,6.114505290985107,7.354554653167725,0.2637074291706085,71.8991928100586,7.08598518371582,0.10844837874174118,108.44837951660156,-0.10462994128465652,96.25888061523438,11.57776927947998
1587843429.2049472,43.4106118,-72.0354046,1605595642.027282,348.83,1587843428.961856,0.9533549547195435,1587843428.706724,28.799999237060547,1587843429.0739472,0.47256819232476405,0.8585332280132812,1587843428.723947,1.071649520573539,0.2860678946150744,0.06387193381425171,0.040611330419778824,0.031243041157722487,0.1242285892367363,1587843429.0,200425.0,153709.0,6.114505290985107,7.34808349609375,0.2641238570213318,71.90766143798828,7.085244655609131,0.10848280787467957,108.4828109741211,-0.06126396730542183,96.29485321044922,11.584039688110352
1587843430.203947,43.4106206,-72.0354024,1605595642.226467,343.08,1587843429.9628122,1.5831354856491089,1587843430.106695,28.5,1587843430.0739472,0.028582974421820652,0.8395135577066052,1587843430.223947,1.0897588154102784,-0.014985451188967915,0.06706811348981646,-0.038005243986845016,0.03510724753141409,0.47427982091903687,1587843430.0,200425.0,153710.0,6.114505290985107,7.351406574249268,0.2642090320587158,71.94023895263672,7.084760665893555,0.10852156579494476,108.52156829833984,-0.05588948354125023,96.38845825195312,11.596713066101074
1587843431.2049472,43.4106299,-72.0354059,1605595642.426335,314.85,1587843431.2418308,1.0613720417022705,1587843431.470489,30.100000381469727,1587843431.0739472,-0.24825639030532687,0.7077208239642021,1587843431.223947,1.0793228317579224,-0.08046515327872146,0.01866007444206897,0.10150337219238281,-0.05854170024394989,-0.009962161071598523,1587843431.0,200425.0,153711.0,6.117655277252197,7.36358642578125,0.26435738801956177,71.95578002929688,7.084259033203125,0.10851248353719711,108.51248168945312,-0.052708350121974945,96.46637725830078,11.605379104614258
1587843433.203947,43.4106439,-72.0354178,1605595642.826785,303.68,1587843432.9618688,2.8931643962860107,1587843432.85321,30.100000381469727,1587843433.0739472,-0.7728968549597458,0.5694123739376705,1587843433.223947,0.794482405408536,-0.22450848990433,0.0420611014743293,-0.09445614367723465,0.01980693079531196,0.258596807718277,1587843433.0,200425.0,153713.0,6.117655277252197,7.39621114730835,0.26413846015930176,72.00391387939453,7.082810878753662,0.10848529636859894,108.48529815673828,-0.017871718853712082,96.6261215209961,11.617327690124512
1587843434.203947,43.4106489,-72.0354285,1605595643.025991,313.99,1587843433.9620502,1.4006295204162598,1587843434.235676,29.799999237060547,1587843434.0739472,-0.8593820502309008,0.44984718709905636,1587843434.223947,0.8563047189012365,-0.13966957794077892,0.07720307984439803,-0.09127860516309738,-0.05778522789478305,-0.20009860396385193,1587843434.0,200425.0,153714.0,6.117655277252197,7.4147515296936035,0.26403138041496277,72.04393768310547,7.082017421722412,0.10848002135753632,108.48001861572266,0.01220422238111496,96.7052001953125,11.621338844299316
1587843435.703947,43.4106575,-72.0354443,1605595643.426293,345.05,1587843435.960832,3.3346688747406006,1587843435.618081,28.799999237060547,1587843436.0739472,-0.8164643765780066,0.6602165718755377,1587843435.723947,0.999082277616268,0.010102314021345971,-0.0017598635193582894,0.032912299036979675,0.07849666476249693,-0.14620044827461243,1587843436.0,200425.0,153716.0,6.117655277252197,7.458164215087891,0.26383543014526367,72.11201477050781,7.080478191375732,0.1084471121430397,108.44711303710938,0.08980227261781693,96.86219024658203,11.628311157226562
1587843437.203947,43.4106701,-72.035458,1605595643.62623,325.18,1587843436.9620347,1.559608817100525,1587843437.006888,28.5,1587843437.0739472,-0.5349833117510693,0.833002314611345,1587843437.223947,1.0654682091826997,0.221902736256742,0.0516580792128119,0.001237933523952961,-0.11358745396137242,-0.31062981486320496,1587843437.0,200425.0,153717.0,6.117655277252197,7.48152494430542,0.26411008834838867,72.13106536865234,7.079753875732422,0.10841205716133118,108.41205596923828,0.058648910373449326,96.93010711669922,11.63007640838623
1587843438.203947,43.4106795,-72.0354638,1605595643.826641,292.23,1587843437.9608595,1.4556565284729004,1587843438.406348,26.5,1587843438.0739472,-0.4380698521514924,0.9871650341437189,1587843438.223947,0.9583698403749124,0.1622656442961154,0.026141374951139794,-0.06958021223545074,-0.04318041726946825,0.45840850472450256,1587843438.0,200425.0,153718.0,6.117655277252197,7.503747940063477,0.264210969209671,72.17327880859375,7.079127311706543,0.10839731991291046,108.39732360839844,0.12893487513065338,97.01253509521484,11.63428783416748
1587843440.203947,43.4106917,-72.0354826,1605595644.226186,294.77,1587843439.9610355,1.7643359899520874,1587843439.765156,25.5,1587843440.0739472,-0.9971807195569792,0.3879827477399289,1587843440.223947,1.138904879757489,-0.10534912606625867,-0.06276868658279738,0.005989371798932552,-0.03446963429450989,-0.0053639877587556796,1587843440.0,200425.0,153720.0,6.117655277252197,7.550498962402344,0.2639809548854828,72.20665740966797,7.077742576599121,0.10830220580101013,108.30220794677734,0.43969064950942993,97.11105346679688,11.631009101867676
1587843441.203947,43.4106954,-72.0354944,1605595644.426078,304.53,1587843440.9608626,0.7407986521720886,1587843441.147615,23.899999618530273,1587843441.0769472,-1.095189656814599,0.4116547286335007,1587843441.223947,1.1112409815461992,-0.05416813333622164,0.021252470762615792,0.06166128069162369,0.13820201158523557,-0.1603646129369736,1587843441.0,200425.0,153721.0,6.1129302978515625,7.571719646453857,0.264069139957428,72.21369171142578,7.077132701873779,0.10825525224208832,108.2552490234375,0.6715601086616516,97.15188598632812,11.630400657653809
1587843442.703947,43.4107033,-72.0355131,1605595644.82576,307.0,1587843442.9598677,2.5596532821655273,1587843442.529937,28.200000762939453,1587843442.676947,-0.8509944817946918,0.5251746299612957,1587843442.723947,1.1248161172766113,0.0425205617869065,0.05242101313696842,-0.07824761420488358,0.01730768941342828,-0.2202102690935135,1587843443.0,200425.0,153723.0,6.1129302978515625,7.60693883895874,0.26385170221328735,72.2590103149414,7.075972557067871,0.10821162164211273,108.21162414550781,-0.22666572034358978,97.19220733642578,11.624227523803711
1587843444.2049472,43.4107134,-72.0355281,1605595645.025692,304.24,1587843443.9598951,3.388012170791626,1587843443.912672,38.0,1587843444.0769472,-0.7598002500086024,0.7675308333134673,1587843444.223947,1.0615842347347806,0.05610325196851897,0.09407067346185338,0.05525406822562218,0.012413257732987447,0.35870546102523804,1587843444.0,200425.0,153724.0,6.1129302978515625,7.617855072021484,0.2638559341430664,72.26193237304688,7.0754170417785645,0.10817637294530869,108.17637634277344,-0.05415567383170128,97.168701171875,11.616455078125
1587843445.203947,43.4107195,-72.0355387,1605595645.225651,311.0,1587843444.9598277,1.8799188137054443,1587843445.306371,48.5,1587843445.0769472,-0.9313037066543727,0.7407924175987669,1587843445.223947,1.1076967417951307,0.028200623735214075,0.05382216117498057,0.016981307417154312,0.031122008338570595,0.0017792677972465715,1587843445.0,200425.0,153725.0,6.1129302978515625,7.626917362213135,0.2636776566505432,72.26787567138672,7.074917316436768,0.10816020518541336,108.16020202636719,0.8486623764038086,97.15018463134766,11.61122989654541
1587843448.203947,43.410742,-72.0355658,1605595645.825854,344.65,1587843447.95992,1.5503114461898804,1587843447.821761,56.400001525878906,1587843448.0769472,-0.5632824942891688,0.897949236665065,1587843448.223947,1.080906181484676,0.10198937424917301,-0.012791757973807907,-0.008862841874361038,-0.04225078970193866,-0.22671015560626984,1587843448.0,200425.0,153728.0,6.1129302978515625,7.6257147789001465,0.26341211795806885,72.17424774169922,7.074100017547607,0.1080208420753479,108.02084350585938,-0.1484338790178299,96.94925689697266,11.583507537841797
1587843449.2049472,43.410751,-72.0355702,1605595646.026341,332.52,1587843448.9599164,2.576277017593384,1587843449.024157,56.400001525878906,1587843449.0769472,-0.3729521473089849,0.9922231078833114,1587843449.223947,1.084135317874381,0.10864105442895618,0.026876733611548177,-0.0360589437186718,0.0015472043305635188,-0.21527577936649323,1587843449.0,200425.0,153729.0,6.1129302978515625,7.6113762855529785,0.26345762610435486,72.11599731445312,7.07408332824707,0.10797121375799179,107.9712142944336,-0.143096461892128,96.8357162475586,11.571356773376465
1587843451.203947,43.4107688,-72.0355762,1605595646.425479,29.4,1587843450.9598842,3.4024808406829834,1587843451.206533,-1.0,1587843451.0769472,-0.35535979220714337,0.9774044291297722,1587843451.223947,0.9984452063359764,0.015435878219908257,-0.00920067675941565,-0.018220283091068268,0.09860460460185999,-0.5000721216201782,1587843451.0,200425.0,153731.0,6.117655277252197,7.568643569946289,0.26326456665992737,72.02104949951172,7.073918342590332,0.10795769095420837,107.95768737792969,-0.11937195807695389,96.64142608642578,11.557660102844238
1587843452.703947,43.4107821,-72.0355725,1605595646.826186,68.07,1587843452.9588637,3.1206161975860596,1587843452.507048,-1.0,1587843452.676947,0.40970796227324,0.8460138211931938,1587843452.723947,0.975826815485009,0.20558496946282728,0.07046800362086102,0.07068739831447601,-0.09404495358467108,-0.4111160635948181,1587843453.0,200425.0,153733.0,6.117655277252197,7.522695541381836,0.26292985677719116,71.9436264038086,7.073873996734619,0.10798515379428864,107.98515319824219,-0.12557829916477203,96.51895904541016,11.556404113769531
1587843455.203947,43.410794,-72.0355433,1605595647.22568,95.71,1587843454.958861,4.540869235992432,1587843454.906257,-1.0,1587843455.0769472,1.1322695992675236,0.36614963413140433,1587843455.223947,0.9393637840758166,0.2124240480182196,0.1095466603183933,-0.030768156051635742,-0.045790273696184186,-0.2187877595424652,1587843455.0,200425.0,153735.0,6.117655277252197,7.485219955444336,0.26264822483062744,71.89142608642578,7.07362174987793,0.10802437365055084,108.02437591552734,-0.14174601435661316,96.42251586914062,11.556487083435059
1587843456.703947,43.4107941,-72.0355213,1605595647.625924,115.18,1587843456.9588437,4.6496262550354,1587843456.615623,-1.0,1587843457.0769472,1.137010931230222,-0.08249934704580168,1587843456.723947,0.9339350986099553,0.22190772455624955,0.07023490211229537,0.040586162358522415,0.045240476727485636,-0.17944006621837616,1587843457.0,200425.0,153737.0,6.117655277252197,7.459598541259766,0.26258882880210876,71.8800277709961,7.073358058929443,0.10809101164340973,108.09101104736328,-0.14052724838256836,96.41414642333984,11.565535545349121
1587843458.203947,43.4107897,-72.0354996,1605595647.825582,110.53,1587843457.9578478,4.75465726852417,1587843457.92803,-1.0,1587843458.0769472,1.0789520823393592,-0.3004370217126396,1587843458.223947,0.9802696009609355,0.29493573770706827,0.03681974401242294,-0.0196213535964489,0.03378325700759888,-0.02610781975090504,1587843458.0,200425.0,153738.0,6.117655277252197,7.455509662628174,0.2624478340148926,71.89612579345703,7.073265075683594,0.10813070088624954,108.13069915771484,-0.152616485953331,96.44544219970703,11.572114944458008
1587843459.203947,43.4107852,-72.0354867,1605595648.025954,107.73,1587843458.957922,4.84055757522583,1587843459.206473,-1.0,1587843459.0769472,0.8678181673043741,-0.3054367831425634,1587843459.223947,0.960077123440906,0.26565140505906665,0.061286427058996534,-0.046256598085165024,0.08809008449316028,0.20688064396381378,1587843459.0,200425.0,153739.0,6.117655277252197,7.454814434051514,0.2626517117023468,71.90193939208984,7.073245048522949,0.1081417053937912,108.14170837402344,-0.15702269971370697,96.47464752197266,11.575793266296387
1587843460.203947,43.4107815,-72.0354738,1605595648.22579,94.6,1587843459.9578583,4.876042366027832,1587843460.42012,-1.0,1587843460.0769472,1.0746438808196996,-0.27792180450042997,1587843460.223947,1.0723592084478577,0.17370289507938147,0.04602847528246022,-0.005789382383227348,-0.01226396113634109,0.03796640411019325,1587843460.0,200425.0,153740.0,6.117655277252197,7.456941604614258,0.2624799907207489,71.93342590332031,7.07305383682251,0.10818234086036682,108.18234252929688,-0.16753171384334564,96.53670501708984,11.584299087524414
1587843461.703947,43.4107772,-72.0354554,1605595648.625926,82.0,1587843461.9578543,4.141053676605225,1587843461.606593,-1.0,1587843462.0779471,1.1522424402396867,0.13393042563395308,1587843461.723947,1.0620810305011867,-0.007285926055674599,0.056109988640179395,-0.010761979967355728,-0.021808559074997857,0.3768763542175293,1587843462.0,200425.0,153742.0,6.117655277252197,7.47743558883667,0.2626170516014099,72.0304183959961,7.0728654861450195,0.10826447606086731,108.26447296142578,-0.17312650382518768,96.69477081298828,11.60060977935791
1587843463.203947,43.4107786,-72.0354353,1605595648.825768,90.26,1587843462.9590616,4.09841775894165,1587843462.728655,-1.0,1587843463.0779471,1.0532177732921422,0.31738355663383355,1587843463.223947,1.1395677455547035,-0.04461638924093395,0.06002592825649823,0.011669384315609932,0.0008608009666204353,-0.08147138357162476,1587843463.0,200425.0,153743.0,6.117655277252197,7.494843006134033,0.2625843584537506,72.07630157470703,7.072847366333008,0.10828661173582077,108.28661346435547,-0.1741046905517578,96.7629623413086,11.605247497558594
1587843464.203947,43.4107805,-72.0354218,1605595649.025611,102.46,1587843463.956863,4.393127918243408,1587843464.306441,-1.0,1587843464.0779471,1.1159088231883207,0.2331254990996411,1587843464.223947,1.1776915522613163,0.11063597625477996,0.08205355727771137,-0.09576983749866486,0.005164185538887957,-0.16660453379154205,1587843464.0,200425.0,153744.0,6.117655277252197,7.512052059173584,0.26225927472114563,72.11797332763672,7.072818756103516,0.10828845947980881,108.28845977783203,-0.17662867903709412,96.82353973388672,11.606667518615723
1587843465.703947,43.4107808,-72.0354014,1605595649.425712,79.57,1587843465.956825,5.1105756759643555,1587843465.609537,-1.0,1587843466.0779471,0.9199690467790765,0.007546719048519959,1587843465.7249472,1.0614264858184481,0.2520005297494003,0.10353669514045138,-0.006632514297962189,0.015573982149362587,0.18038539588451385,1587843466.0,200425.0,153746.0,6.117655277252197,7.5431365966796875,0.26244086027145386,72.16468048095703,7.072788715362549,0.1082620844244957,108.2620849609375,-0.17056408524513245,96.90047454833984,11.606677055358887
1587843468.203947,43.4107833,-72.0353683,1605595649.825197,112.37,1587843467.9568467,4.212068557739258,1587843468.006816,-1.0,1587843468.0779471,1.0571593376040391,0.3383993719210921,1587843468.223947,1.158437350095077,0.08873994364044889,-0.023025760517466937,0.10123733431100845,-0.020714929327368754,-0.1516704559326172,1587843468.0,200425.0,153748.0,6.117655277252197,7.568843841552734,0.2620025873184204,72.2236557006836,7.072790622711182,0.1082708090543747,108.27080535888672,-0.16464784741401672,96.97071075439453,11.6071195602417
1587843470.203947,43.4107839,-72.0353463,1605595650.225196,185.42,1587843469.9568574,6.775544166564941,1587843469.739739,-1.0,1587843470.0779471,0.9424827809272336,-0.22940402711301308,1587843470.223947,0.47708246975810653,0.49177148407093674,0.07887666070232133,-0.12300068885087967,-0.06395772844553003,-0.762142539024353,1587843470.0,200425.0,153750.0,6.117655277252197,7.592285633087158,0.26100954413414,72.25867462158203,7.072930812835693,0.10825064033269882,108.25064086914062,-0.15353363752365112,97.01229095458984,11.60483455657959
1587843471.203947,43.4107811,-72.0353399,1605595650.425412,173.67,1587843470.9568493,1.3469732999801636,1587843471.106488,-1.0,1587843471.0779471,0.389280312525874,-0.2633644590292279,1587843471.242947,0.1633717965805669,0.4867093608779331,0.03759107993335274,0.036938317120075226,-0.0710138157010079,-0.4537721276283264,1587843471.0,200425.0,153751.0,6.117655277252197,7.601430892944336,0.26102712750434875,72.26861572265625,7.073140621185303,0.10823720693588257,108.2372055053711,-0.1584375649690628,97.01253509521484,11.601676940917969
1587843472.2049472,43.4107755,-72.0353361,1605595650.625559,178.01,1587843471.9568963,4.352837562561035,1587843472.323452,-1.0,1587843472.0779471,0.27555561412522234,-0.7935169207547319,1587843472.223947,0.5780853388237733,0.5259801264570855,-0.004820712940808276,0.07665479928255081,-0.04848506674170491,0.2293490320444107,1587843472.0,200425.0,153752.0,6.117655277252197,7.6077351570129395,0.2610815763473511,72.26886749267578,7.073114395141602,0.10821999609470367,108.2199935913086,-0.15686871111392975,97.00211334228516,11.599014282226562
1587843473.703947,43.410771,-72.0353308,1605595651.025492,182.17,1587843473.9558837,4.811753273010254,1587843473.544151,-1.0,1587843473.677947,0.12014243142317432,-0.18429811765649656,1587843473.723947,-0.25610460072523356,0.4698807966036896,-0.0023858379099309067,-0.005086338147521019,-0.007855676114559182,-0.07442975044250488,1587843474.0,200425.0,153754.0,6.117655277252197,7.617294788360596,0.26123932003974915,72.28467559814453,7.07349157333374,0.1082141101360321,108.214111328125,-0.1651412844657898,96.98681640625,11.59329605102539
1587843475.203947,43.4107695,-72.0353302,1605595651.225317,180.6,1587843474.955873,3.025057792663574,1587843474.72384,-1.0,1587843475.0779471,0.0873763137623086,-0.13403499465927024,1587843474.723947,-0.09528755566602623,0.3793003495724568,0.029398777390000845,0.03365069627761841,-0.010018001310527332,-0.053292956203222275,1587843475.0,200425.0,153755.0,6.117655277252197,7.621448516845703,0.26099926233291626,72.29847717285156,7.073675632476807,0.10821995884180069,108.21995544433594,-0.16432391107082367,96.99304962158203,11.592625617980957
1587843476.203947,43.4107698,-72.0353296,1605595651.425284,167.43,1587843475.9558568,4.594919204711914,1587843475.906386,-1.0,1587843476.0779471,0.1310644706434629,-0.20105249198890535,1587843476.223947,-0.21522575841398606,0.2602787377743102,0.049866707057546276,-0.009469563141465187,0.038720004260540015,0.06044188886880874,1587843476.0,200425.0,153756.0,6.117655277252197,7.626855373382568,0.2605244219303131,72.30543518066406,7.073920249938965,0.10821598768234253,108.21598815917969,-0.16194435954093933,97.0009765625,11.59162712097168
1587843477.203947,43.4107733,-72.0353306,1605595651.625312,145.68,1587843476.9558444,3.574422836303711,1587843477.40664,-1.0,1587843477.0779471,-0.06085245090845575,0.5868534563401957,1587843477.223947,-0.5847954203171156,0.09142478861610245,0.03511221295436233,-0.041814230382442474,-0.07354362308979032,0.2623211145401001,1587843477.0,200425.0,153757.0,6.117655277252197,7.63178825378418,0.2599724531173706,72.3184814453125,7.07424783706665,0.10821792483329773,108.21792602539062,-0.16207879781723022,97.00192260742188,11.591209411621094
1587843479.203947,43.4107842,-72.0353456,1605595652.025561,96.63,1587843478.9558082,4.066005706787109,1587843478.733027,-1.0,1587843479.0779471,-0.4797805045846635,0.5764639341888491,1587843479.223947,-0.9153365612559317,-0.21171241657839948,0.03537847887160063,-0.05087698996067047,-0.1803846955299377,0.3523765504360199,1587843479.0,200425.0,153759.0,6.117655277252197,7.6453680992126465,0.2589966952800751,72.36187744140625,7.075073719024658,0.10824219882488251,108.24219512939453,-0.1639927625656128,97.0112075805664,11.587898254394531
1587843482.2049472,43.4107788,-72.0353686,1605595652.624763,353.92,1587843481.9548726,3.305516004562378,1587843482.431543,-1.0,1587843482.081947,-0.2784133827444619,-0.30097506260284373,1587843482.223947,-1.0049448484296815,-0.2523782564270338,0.06540913464209373,-0.05435792729258537,-0.15450306236743921,0.5433393716812134,1587843482.0,200425.0,153802.0,6.116080284118652,7.6486735343933105,0.257504403591156,72.35614776611328,7.07647705078125,0.10822204500436783,108.2220458984375,-0.16475290060043335,96.95611572265625,11.579373359680176
1587843484.2049472,43.4107736,-72.0353667,1605595653.024872,299.68,1587843483.9548004,4.947163105010986,1587843483.745806,-1.0,1587843484.081947,-0.01959268192906305,-0.10824105882162538,1587843484.223947,-0.24283549315420638,0.12992441428811738,0.12050339736427604,0.03660345822572708,0.00045109167695052773,0.5961349010467529,1587843484.0,200425.0,153804.0,6.116080284118652,7.646091938018799,0.2570415437221527,72.35501098632812,7.077174663543701,0.10822834074497223,108.22834014892578,-0.15744729340076447,96.92742919921875,11.576300621032715
1587843485.7037933,43.4107781,-72.0353765,1605595653.424669,307.5,1587843485.954849,1.906293272972107,1587843485.506561,-1.0,1587843485.6817932,-0.7064027746366608,0.0713801091735434,1587843485.7247932,0.5897178729887315,0.11405278842517311,0.028247782007632713,0.013827351853251457,-0.024968421086668965,0.019154567271471027,1587843486.0,200425.0,153806.0,6.116080284118652,7.64684534072876,0.2568315863609314,72.37747192382812,7.077615261077881,0.10825959593057632,108.25959777832031,-0.1506720334291458,96.93704986572266,11.578509330749512
1587843487.2034872,43.4107843,-72.0353932,1605595653.625263,318.1,1587843486.9548528,0.5466404557228088,1587843486.806743,-1.0,1587843487.0814872,-0.8028501734241893,0.4889085794223182,1587843487.2234871,0.8537317405251214,0.06851032511009608,-0.029558281219396673,0.1326918601989746,0.01577801071107386,-0.12293358892202377,1587843487.0,200425.0,153807.0,6.116080284118652,7.649021625518799,0.25659212470054626,72.37860870361328,7.0778093338012695,0.1082545667886734,108.25457000732422,-0.15051592886447906,96.93965911865234,11.578290939331055
1587843488.2033343,43.4107897,-72.0354041,1605595653.824555,328.09,1587843487.9538226,0.9410319328308105,1587843488.106413,-1.0,1587843488.0813344,-0.7369960716024592,0.4623167641807324,1587843488.2233343,0.9209612645280686,0.11714169429252486,-0.01997281494410498,0.023690978065133095,-0.03788652643561365,-0.17975926399230957,1587843488.0,200425.0,153808.0,6.116080284118652,7.651365756988525,0.2561172842979431,72.3828353881836,7.078206539154053,0.10825365036725998,108.25364685058594,-0.14642243087291718,96.9489974975586,11.578876495361328
1587843489.2030275,43.4107955,-72.0354132,1605595654.024484,337.52,1587843488.9549022,3.789529800415039,1587843489.306773,-1.0,1587843489.0810275,-0.5845631093468437,0.6170785778089772,1587843489.2230275,0.773734557581693,0.21313268179310965,0.031085821938793876,-0.030736004933714867,-0.006471494212746643,-0.18239009380340576,1587843489.0,200425.0,153809.0,6.116080284118652,7.654460906982422,0.2563527226448059,72.39228820800781,7.078370571136475,0.10825958102941513,108.25958251953125,-0.1452995091676712,96.95417022705078,11.578081130981445
1587843490.702502,43.4108056,-72.0354223,1605595654.425228,350.07,1587843490.953886,5.348713397979736,1587843490.506308,-1.0,1587843490.680502,-0.2680662701861197,0.43386688602439144,1587843490.722502,0.6311063820615587,0.2708161662720484,0.031559525443771004,0.04586555063724518,0.013286333531141264,-0.13508005440235138,1587843491.0,200425.0,153811.0,6.117655277252197,7.662899494171143,0.2560053765773773,72.4037094116211,7.079191207885742,0.10825131088495255,108.25131225585938,-0.14287059009075165,96.9966812133789,11.581036567687988
1587843491.7022023,43.4108101,-72.035425,1605595654.624523,349.09,1587843491.9548528,5.8785223960876465,1587843491.606554,-1.0,1587843492.0801296,-0.18539134019756393,0.32020314017784257,1587843491.7222023,0.46096939299638084,0.3125635784940098,0.03343514288373759,0.06501102447509766,-0.06358545273542406,-0.10174790769815444,1587843492.0,200425.0,153812.0,6.117655277252197,7.667682647705078,0.2558652460575104,72.40874481201172,7.079417705535889,0.10824194550514221,108.241943359375,-0.13888785243034363,97.0177993774414,11.582144737243652
1587843493.2028358,43.410816,-72.0354276,1605595654.827365,289.42,1587843492.95392,5.215150356292725,1587843493.20648,-1.0,1587843493.079836,-0.08479477742719084,0.22452137029929503,1587843493.240836,0.3891106909653481,0.27075841114049404,-0.02504093354905788,-0.07940270006656647,0.2269183099269867,-0.04318488389253619,1587843493.0,200425.0,153813.0,6.117655277252197,7.6734771728515625,0.25572848320007324,72.42811584472656,7.0793681144714355,0.1082552820444107,108.25527954101562,-0.13719378411769867,97.04529571533203,11.584189414978027
1587843494.7011018,43.4108212,-72.0354281,1605595655.324401,195.42,1587843494.9538245,2.6372947692871094,1587843494.506609,-1.0,1587843494.6791017,-0.0831249731000628,0.20369152865819884,1587843494.7211018,0.20004217942241243,-0.2268096304164419,0.04311382748714404,-0.026129070669412613,0.14745102822780626,1.39731764793396,1587843495.0,200425.0,153815.0,6.117655277252197,7.6872477531433105,0.2553423047065735,72.45140838623047,7.079341888427734,0.10824525356292725,108.24525451660156,-0.06224400922656059,97.09903717041016,11.588305473327637
1587843497.2008119,43.4108162,-72.0354356,1605595655.625038,201.14,1587843496.9537337,3.7321786880493164,1587843497.065023,28.799999237060547,1587843497.077812,-0.23584336089014699,-0.6271187360652207,1587843497.238812,0.27800109443728505,-0.10798051921927335,-0.02469323735388914,0.017579656094312668,-0.026636794209480282,0.03642905130982399,1587843497.0,200425.0,153817.0,6.117655277252197,7.701591491699219,0.25474151968955994,72.46847534179688,7.078939914703369,0.10822645574808121,108.22645568847656,-0.08568505942821503,97.13335418701172,11.587275505065918
1587843498.1992502,43.4108097,-72.0354387,1605595655.824333,212.83,1587843497.9528317,4.6085333824157715,1587843498.447457,26.200000762939453,1587843498.0772502,-0.23691774970343413,-0.6373931125102161,1587843498.2192502,0.41021954563994356,-0.06493463132312498,0.08487308445114285,0.010354705154895782,0.014109967276453958,-0.11472737789154053,1587843498.0,200425.0,153818.0,6.117655277252197,7.707929611206055,0.2545531392097473,72.47119903564453,7.07882022857666,0.10821318626403809,108.21318817138672,-0.08266220986843109,97.1388931274414,11.586522102355957
1587843500.1988947,43.4107985,-72.0354466,1605595656.224541,237.81,1587843499.9528716,5.315956115722656,1587843499.829921,29.799999237060547,1587843500.0758948,-0.3038005968736486,-0.5289661589735347,1587843500.2368948,0.5061905111655168,0.06378712040990094,0.038027200087273116,0.062495581805706024,-0.04635477438569072,-0.21295982599258423,1587843500.0,200425.0,153820.0,6.117655277252197,7.715944290161133,0.25378262996673584,72.4694595336914,7.079062461853027,0.10818494111299515,108.18494415283203,-0.15166965126991272,97.14485931396484,11.583343505859375
1587843501.1982372,43.4107945,-72.0354515,1605595656.42495,247.79,1587843500.9528563,4.593319892883301,1587843501.212252,28.200000762939453,1587843501.0762372,-0.39142298032666456,-0.4143525678358848,1587843501.236237,0.48819758480712167,0.10056786768339092,-0.024801359599467925,0.031232580542564392,-0.0299425255507231,-0.19980329275131226,1587843501.0,200425.0,153821.0,6.116080284118652,7.718515872955322,0.2535110116004944,72.46781921386719,7.079198837280273,0.10817325115203857,108.17324829101562,-0.16227027773857117,97.14566802978516,11.582734107971191
1587843502.6963425,43.4107905,-72.0354609,1605595656.824175,260.4,1587843502.9528997,4.4179277420043945,1587843502.606553,26.5,1587843503.0750287,-0.5117765524717806,-0.2729189629543884,1587843502.7353425,0.5054654308152563,0.22138718030004886,0.008258548293924058,0.03146762400865555,0.007983502000570282,-0.1270311176776886,1587843503.0,200425.0,153823.0,6.116080284118652,7.720630168914795,0.2530207335948944,72.45429229736328,7.079353332519531,0.108146533370018,108.14653015136719,0.000708472216501832,97.1187744140625,11.578292846679688
1587843504.1964066,43.4107873,-72.0354713,1605595657.024626,263.85,1587843503.9530878,4.44168758392334,1587843503.976994,28.5,1587843504.0744066,-0.5392059933617238,-0.10842922448674377,1587843504.2344067,0.5065737357593214,0.2454670528802109,-0.006321522930797907,-0.05848022922873497,-0.030003394931554805,-0.08336864411830902,1587843504.0,200425.0,153824.0,6.116080284118652,7.719951629638672,0.25269338488578796,72.44933319091797,7.079296588897705,0.10814076662063599,108.1407699584961,0.1647900491952896,97.09992218017578,11.575868606567383
1587843505.1958017,43.4107863,-72.0354785,1605595657.224215,265.69,1587843504.9518468,4.405093669891357,1587843505.35966,27.799999237060547,1587843505.0738018,-0.5263045051263755,-0.06247853938498401,1587843505.2338018,0.5333180351290824,0.21233161196413414,0.03867268291454053,-0.01467580534517765,0.061545737087726586,-0.04680465161800385,1587843505.0,200425.0,153825.0,6.116080284118652,7.718170642852783,0.2524566054344177,72.43999481201172,7.079266548156738,0.10813277214765549,108.13277435302734,-0.10418495535850525,97.07630157470703,11.572876930236816
1587843507.193631,43.4107858,-72.0354925,1605595657.624901,263.55,1587843506.9518027,4.0914411544799805,1587843506.742283,25.899999618530273,1587843507.072631,-0.5585246038892512,-0.04062347659119223,1587843507.2326307,0.5432220548738602,0.1329868364517864,0.036272701522430416,0.06880638003349304,0.015091206878423693,0.012808140367269514,1587843507.0,200425.0,153827.0,6.116080284118652,7.7106757164001465,0.2525444030761719,72.3941650390625,7.079303741455078,0.1080874651670456,108.08746337890625,-0.042473241686820984,97.0064926147461,11.566142082214355
1587843508.1930654,43.410786,-72.0354991,1605595657.824539,260.3,1587843507.9519258,4.49102783203125,1587843508.124675,24.899999618530273,1587843508.0720654,-0.41984031626501656,0.011580537055372535,1587843508.2320654,0.5058312905983616,0.054657102606316385,0.0662080429930278,0.0010807514190673828,0.0442904680967331,0.036363285034894936,1587843508.0,200425.0,153828.0,6.116080284118652,7.703229904174805,0.25279784202575684,72.37694549560547,7.07933235168457,0.10808179527521133,108.08179473876953,-0.035354699939489365,96.96859741210938,11.563568115234375
1587843509.6922429,43.4107862,-72.035509,1605595658.224584,250.76,1587843509.9518983,3.942577362060547,1587843509.50711,27.5,1587843509.6712427,-0.4398017552500907,-0.013206667972631014,1587843509.731243,0.5210036568552632,-0.0634898693812904,0.0899495392854171,0.03398466110229492,0.039818756282329566,0.06534218788146973,1587843510.0,200425.0,153830.0,6.116080284118652,7.687690734863281,0.2523918151855469,72.33568572998047,7.07939338684082,0.10806772112846375,108.06771850585938,0.13083840906620026,96.9141845703125,11.560782432556152
1587843511.1924481,43.4107854,-72.0355191,1605595658.424143,246.31,1587843510.9518585,4.699069499969482,1587843510.906561,29.200000762939453,1587843511.0704482,-0.5296607928098015,-0.10516389380434978,1587843511.2114482,0.5334009887963795,-0.07228725151619834,0.019280364195910067,0.003167396876960993,-0.06424338370561598,0.06946397572755815,1587843511.0,200425.0,153831.0,6.117655277252197,7.680225372314453,0.25228574872016907,72.31533813476562,7.079290866851807,0.10806361585855484,108.06361389160156,0.13795095682144165,96.89032745361328,11.560229301452637
1587843512.1909397,43.4107836,-72.035525,1605595658.624773,242.7,1587843511.9508085,4.79360294342041,1587843512.272008,30.799999237060547,1587843512.0699399,-0.46667394182520633,-0.14938350652372548,1587843512.2299397,0.5334881413067291,-0.07836919539180026,0.10129913063340978,-0.0401109978556633,-0.04098942130804061,0.05676856637001038,1587843512.0,200425.0,153832.0,6.117655277252197,7.671197414398193,0.25201666355133057,72.29818725585938,7.079200267791748,0.10806231945753098,108.06231689453125,0.13827989995479584,96.85867309570312,11.558745384216309
1587843513.6901968,43.4107803,-72.0355338,1605595659.024008,239.99,1587843513.950911,5.024792194366455,1587843513.654679,28.5,1587843514.0689597,-0.41385575167506833,-0.11671939344198191,1587843513.710197,0.5408287908314644,-0.09184427704694399,0.047728080667403694,0.013719450682401657,0.010741678997874263,0.03156423568725586,1587843514.0,200425.0,153834.0,6.117655277252197,7.6529541015625,0.2520110309123993,72.2516098022461,7.079067230224609,0.10804850608110428,108.04850769042969,-0.0010238061659038067,96.7900390625,11.554959297180176
1587843515.1904938,43.4107773,-72.0355437,1605595659.224696,239.34,1587843514.9508004,4.774089336395264,1587843515.037195,29.5,1587843515.0684938,-0.4430962384909182,-0.1567345636265317,1587843515.228494,0.5363610207430549,-0.11998138287535752,0.06055549468451979,0.014620434492826462,0.013880278915166857,0.016080498695373535,1587843515.0,200425.0,153835.0,6.117655277252197,7.64355993270874,0.252259761095047,72.22370147705078,7.078989505767822,0.1080397367477417,108.03973388671875,-0.05917026475071907,96.76921844482422,11.55529499053955
1587843516.1900437,43.410775,-72.03555,1605595659.423908,238.61,1587843515.9508462,4.785363674163818,1587843516.4197,26.899999618530273,1587843516.0680435,-0.436021820036206,-0.17545646882436214,1587843516.2280436,0.5424746662986848,-0.12159026120256596,0.03357210169697144,0.0699041485786438,-0.013023490086197851,0.014207734726369383,1587843516.0,200425.0,153836.0,6.117655277252197,7.632474422454834,0.2526003420352936,72.1998519897461,7.079061031341553,0.10803381353616714,108.0338134765625,-0.09165158867835999,96.7417984008789,11.555373191833496
1587843518.1891637,43.4107709,-72.0355624,1605595659.823826,237.85,1587843517.9508765,4.829809188842773,1587843517.806776,27.200000762939453,1587843518.0671637,-0.43961883636334925,-0.21641459912523175,1587843518.2271638,0.5178625240534604,-0.11708734042866832,0.10532021924350296,-0.029988747090101242,0.039443522691726685,0.020343501120805737,1587843518.0,200425.0,153838.0,6.117655277252197,7.609243869781494,0.25302931666374207,72.1331558227539,7.0795488357543945,0.10800500959157944,108.00501251220703,-0.12177170068025589,96.67949676513672,11.554100036621094
1587843519.1877525,43.4107687,-72.0355688,1605595660.024609,237.13,1587843518.9508226,4.8314337730407715,1587843519.206595,26.899999618530273,1587843519.0667527,-0.403384088798351,-0.19945244271335474,1587843519.2267525,0.5260129958011792,-0.09955697118861628,0.06589794692102571,-0.06046208739280701,-0.09321488440036774,-0.006862700916826714,1587843519.0,200425.0,153839.0,6.117655277252197,7.597164154052734,0.2533309757709503,72.0991439819336,7.079651355743408,0.10799656808376312,107.99656677246094,-0.13117451965808868,96.64178466796875,11.552765846252441
1587843520.687155,43.4107653,-72.0355776,1605595660.42376,236.8,1587843520.9509552,4.7045087814331055,1587843520.567215,30.100000381469727,1587843520.666155,-0.5585113800261281,-0.24528562612046775,1587843520.707155,0.5443158049628205,-0.07793074052562411,0.03180118281349026,0.02849741466343403,-0.041682370007038116,0.0025886367075145297,1587843521.0,200425.0,153841.0,6.117655277252197,7.570232391357422,0.25375786423683167,72.03182220458984,7.079538822174072,0.1079789251089096,107.97892761230469,-0.145053893327713,96.5696029663086,11.551887512207031
1587843522.1865847,43.410762,-72.0355863,1605595660.624485,236.55,1587843521.9498944,4.434582233428955,1587843521.949569,30.100000381469727,1587843522.0675848,-0.43036860355750617,-0.27364733704525995,1587843522.2255847,0.5316125676056378,-0.08397787898573111,0.0460541741209918,0.039641428738832474,-0.0142322713509202,-0.0007405523210763914,1587843522.0,200425.0,153842.0,6.117655277252197,7.553989887237549,0.25381001830101013,71.99857330322266,7.0793328285217285,0.10797277092933655,107.97277069091797,-0.1459835171699524,96.52251434326172,11.549955368041992
1587843523.1872265,43.4107596,-72.0355924,1605595660.823694,236.94,1587843522.9498038,4.909200668334961,1587843523.332154,31.799999237060547,1587843523.0672266,-0.41868447067175707,-0.2912100857084291,1587843523.2062266,0.5252433923069039,-0.05996820943748019,0.02583257530175241,-0.05801151692867279,0.010387592017650604,-0.0019864696078002466,1587843523.0,200425.0,153843.0,6.117655277252197,7.538282871246338,0.25376614928245544,71.96673583984375,7.079095363616943,0.1079801395535469,107.98014068603516,-0.1494680941104889,96.47718048095703,11.549287796020508
1587843525.1855934,43.4107552,-72.0356043,1605595661.223629,237.1,1587843524.9498441,5.062799453735352,1587843524.714442,29.799999237060547,1587843525.0665934,-0.46249651411147474,-0.23769092207052095,1587843524.7056959,0.5334464600563161,-0.04350548817720529,0.08075369318236494,-0.09092852473258972,0.002609074115753175,0.011725539341568947,1587843525.0,200425.0,153845.0,6.117655277252197,7.506947040557861,0.25354301929473877,71.90229797363281,7.078802108764648,0.10798042267560959,107.98042297363281,-0.15607568621635437,96.4216537475586,11.551274299621582
1587843526.1862607,43.410753,-72.0356102,1605595661.424224,237.22,1587843525.950257,5.304433345794678,1587843526.107102,29.200000762939453,1587843526.0662606,-0.3959004579273143,-0.2342281524773289,1587843526.2052608,0.52155562675984,-0.07392777835371268,0.06092015838936671,0.012838557362556458,-0.011547002010047436,-0.0010927041294053182,1587843526.0,200425.0,153846.0,6.117655277252197,7.491405010223389,0.2535361349582672,71.88362884521484,7.078737258911133,0.10799480229616165,107.99480438232422,-0.15628409385681152,96.4089126586914,11.554859161376953
1587843527.185036,43.4107507,-72.035616,1605595661.623631,237.19,1587843527.2293668,5.039412021636963,1587843527.479574,30.5,1587843527.066036,-0.45486937997350974,-0.2720181007994042,1587843527.205036,0.5338705856130557,-0.052317693588666746,0.07203835629473587,-0.040179744362831116,0.06374479830265045,-0.0026307844091206867,1587843527.0,200425.0,153847.0,6.117655277252197,7.47929573059082,0.25344136357307434,71.86465454101562,7.078669548034668,0.10800956934690475,108.00956726074219,-0.165225088596344,96.39520263671875,11.55709171295166
1587843529.1847155,43.4107461,-72.0356275,1605595662.023481,236.64,1587843528.9489102,4.97676420211792,1587843528.861893,29.200000762939453,1587843529.0657153,-0.42424669717777413,-0.22453226924820854,1587843529.2237153,0.5291509437501345,-0.049040684210518416,0.1082340066552965,0.019267328083515167,-0.0034097246825695016,0.019131919369101524,1587843529.0,200425.0,153849.0,6.117655277252197,7.454954147338867,0.25351348519325256,71.81719207763672,7.07846736907959,0.10801370441913605,108.01370239257812,-0.1678348332643509,96.3489761352539,11.558955192565918
1587843530.1845925,43.4107441,-72.0356332,1605595662.224407,235.97,1587843529.9490535,4.937465667724609,1587843530.244276,28.799999237060547,1587843530.0655925,-0.44738927733179507,-0.22325508847176168,1587843530.2045925,0.505079401726153,-0.0863677593253735,0.04029118733918838,-0.08822153508663177,0.021860351786017418,0.008529452607035633,1587843530.0,200425.0,153850.0,6.117655277252197,7.441784381866455,0.2535703480243683,71.79586791992188,7.078308582305908,0.10801729559898376,108.01729583740234,-0.16604939103126526,96.33077239990234,11.5601224899292
1587843531.68444,43.4107406,-72.035642,1605595662.623628,234.4,1587843531.948875,4.956596374511719,1587843531.626691,27.799999237060547,1587843532.06544,-0.3843603928890618,-0.14271330834286625,1587843531.70544,0.511301384501782,-0.10094244269377513,0.025328501036575492,0.00583623768761754,-0.012682208791375158,0.01357106398791075,1587843532.0,200425.0,153852.0,6.116080284118652,7.419435977935791,0.2533513605594635,71.76042938232422,7.0779619216918945,0.10803425312042236,108.03425598144531,-0.16678093373775482,96.31371307373047,11.564423561096191
1587843533.1843774,43.4107377,-72.0356506,1605595662.823294,233.61,1587843532.9488616,4.847095012664795,1587843533.009111,29.200000762939453,1587843533.0653775,-0.38401471932719616,-0.19347530938095114,1587843533.2233775,0.49545566052968815,-0.13689932510680128,0.005121315670368871,0.08135980367660522,-0.030341336503624916,0.013955997303128246,1587843533.0,200425.0,153853.0,6.116080284118652,7.410735607147217,0.2535035014152527,71.75804901123047,7.077770709991455,0.1080620139837265,108.06201171875,-0.16862374544143677,96.32550048828125,11.569722175598145
1587843534.1843464,43.4107352,-72.0356561,1605595663.024311,233.29,1587843533.9489057,5.231685161590576,1587843534.406463,28.5,1587843534.0653465,-0.4624675693084199,-0.2976974090212441,1587843534.2043464,0.5181624266568802,-0.08947455402471563,0.040769714002524216,0.030173733830451965,-0.015702173113822934,0.01837744936347008,1587843534.0,200425.0,153854.0,6.116080284118652,7.40482759475708,0.25343698263168335,71.76378631591797,7.077629089355469,0.10808783769607544,108.08783721923828,-0.15728965401649475,96.35749053955078,11.575507164001465
1587843536.1842859,43.4107307,-72.0356679,1605595663.424002,232.1,1587843535.9487746,4.962584018707275,1587843535.773817,30.5,1587843536.065286,-0.4355426208314006,-0.2653349306806678,1587843536.223286,0.5076717036798276,-0.11841519413693084,-0.01096974887409968,0.0853312686085701,-0.03578362613916397,0.009736691601574426,1587843536.0,200425.0,153856.0,6.116080284118652,7.403665542602539,0.25341546535491943,71.77178955078125,7.077316761016846,0.10810492932796478,108.10492706298828,-0.15486811101436615,96.41653442382812,11.584895133972168
1587843537.1842859,43.4107287,-72.0356733,1605595663.623316,231.81,1587843536.948837,4.921361446380615,1587843537.156114,31.399999618530273,1587843537.065286,-0.4475061120902698,-0.22302080540131422,1587843537.2042859,0.5111861611999465,-0.11951612826932914,0.12336540444111006,0.0785190761089325,0.054404318332672126,0.028657859191298478,1587843537.0,200425.0,153857.0,6.116080284118652,7.404789447784424,0.25350064039230347,71.78482818603516,7.077136993408203,0.10812083631753922,108.12083435058594,-0.16201141476631165,96.45818328857422,11.589899063110352
1587843538.6832857,43.4107257,-72.0356822,1605595664.024224,230.3,1587843538.9478676,4.968527793884277,1587843538.538384,28.5,1587843538.6652858,-0.4506505237234068,-0.25944962028844676,1587843538.7052858,0.4966872250129187,-0.15137909747894235,0.02907101439777242,-0.04091412574052811,-0.011648809537291525,0.008051189593970777,1587843539.0,200425.0,153859.0,6.116080284118652,7.414886474609375,0.25347793102264404,71.83470916748047,7.076773166656494,0.10816793888807297,108.16793823242188,-0.15637369453907013,96.57769012451172,11.601954460144043
1587843540.1842859,43.4107227,-72.0356908,1605595664.223452,228.96,1587843539.947972,4.777947425842285,1587843539.920786,29.200000762939453,1587843540.065286,-0.4144062825436306,-0.2217373062620916,1587843540.2042859,0.4969030046881804,-0.13791760391124602,0.0402293029852514,-0.012587894685566425,-0.06038922443985939,0.02561349421739579,1587843540.0,200425.0,153900.0,6.116080284118652,7.424086093902588,0.2535545229911804,71.86614227294922,7.076564788818359,0.10818324983119965,108.1832504272461,-0.16117163002490997,96.63772583007812,11.607572555541992
1587843541.1852858,43.4107209,-72.0356964,1605595664.423945,228.01,1587843540.9478254,4.8852972984313965,1587843541.306432,24.899999618530273,1587843541.068286,-0.4239777974405391,-0.2650336342381268,1587843541.2042859,0.4967791799857664,-0.1436749538083236,0.05983497387594636,-0.07406416535377502,0.007661983370780946,0.009073865599930285,1587843541.0,200425.0,153901.0,6.1192307472229,7.438490390777588,0.2535271942615509,71.91925811767578,7.076376438140869,0.1082250326871872,108.22502899169922,-0.15833012759685516,96.73699951171875,11.617546081542969
1587843543.1842859,43.410717,-72.0357075,1605595664.823215,226.05,1587843542.9468524,4.447792053222656,1587843542.706418,17.700000762939453,1587843543.068286,-0.39065394314962665,-0.26132259125771784,1587843543.2042859,0.4719730211036992,-0.17656976795420873,0.05204958309346942,0.037603773176670074,0.01660970784723759,0.02489613369107246,1587843543.0,200425.0,153903.0,6.1192307472229,7.482860088348389,0.253579318523407,72.04012298583984,7.076077461242676,0.10827338695526123,108.27338409423828,-0.16417349874973297,96.96154022216797,11.634918212890625
1587843544.1842859,43.4107151,-72.0357126,1605595665.023672,225.58,1587843543.9468715,5.101642608642578,1587843544.067246,13.399999618530273,1587843544.068286,-0.5275825779940986,-0.3443205242170454,1587843544.223286,0.488328671108245,-0.15639936872445107,0.08129704476877418,-0.037552203983068466,-0.045207805931568146,0.007039853371679788,1587843544.0,200425.0,153904.0,6.1192307472229,7.5091400146484375,0.2534964680671692,72.0947036743164,7.075938701629639,0.1082625761628151,108.2625732421875,-0.16481833159923553,97.05175018310547,11.638818740844727
1587843546.6832857,43.4107097,-72.035726,1605595665.623595,224.8,1587843546.946897,4.346930980682373,1587843546.560282,31.100000381469727,1587843546.6682858,-0.37808746163791934,-0.3855513861370426,1587843546.7052858,0.4852973515463211,-0.16326506335694502,0.06379966748447774,-0.015082054771482944,0.03738630563020706,0.013024933636188502,1587843547.0,200425.0,153907.0,6.1192307472229,7.596127033233643,0.25337427854537964,72.25926971435547,7.07555627822876,0.10824977606534958,108.2497787475586,-0.15990224480628967,97.2480697631836,11.63747787475586
1587843548.1842859,43.4107059,-72.0357338,1605595665.823046,225.18,1587843547.9469235,4.318469047546387,1587843547.942587,28.5,1587843548.068286,-0.430438669042763,-0.29175769431618204,1587843548.2042859,0.4873134214039852,-0.14221023294932517,0.07586964198241089,-0.08407586812973022,0.01711309514939785,0.0033106920309364774,1587843548.0,200425.0,153908.0,6.1192307472229,7.617643356323242,0.25334909558296204,72.29987335205078,7.0754499435424805,0.10823382437229156,108.23382568359375,-0.1577729433774948,97.2967300415039,11.635308265686035
1587843549.1842859,43.4107036,-72.0357393,1605595666.023435,225.15,1587843548.9468606,4.04115104675293,1587843549.32484,28.5,1587843549.068286,-0.38882044328205395,-0.24580208071932003,1587843549.2042859,0.49311221388355947,-0.16745231795474574,0.035959935758256935,0.03731946274638176,-0.15762948989868164,-0.01382089313119648,1587843549.0,200425.0,153909.0,6.1192307472229,7.641193866729736,0.2533199191093445,72.34671783447266,7.075372219085693,0.10824019461870193,108.24019622802734,-0.15773740410804749,97.33426666259766,11.633052825927734
1587843551.1842859,43.4106994,-72.0357507,1605595666.423065,225.54,1587843550.9468982,3.2816274166107178,1587843550.707006,26.200000762939453,1587843551.068286,-0.46817918235052625,-0.24841145950537932,1587843551.2042859,0.4791414645151502,-0.22639392333899527,0.04858894758861532,0.017805319279432297,0.018658610060811043,-0.004106843844056132,1587843551.0,200425.0,153911.0,6.117655277252197,7.67759895324707,0.2532842755317688,72.3819580078125,7.075385093688965,0.10817725211381912,108.17725372314453,-0.15737831592559814,97.32653045654297,11.620067596435547
1587843552.1842859,43.4106973,-72.0357568,1605595666.622979,225.08,1587843551.9459534,4.017652988433838,1587843552.106571,19.299999237060547,1587843552.068286,-0.44050339911871134,-0.27632726134940305,1587843552.2042859,0.5274982132722535,-0.19105419590388983,0.08728474710882624,-0.011813717894256115,-0.0293209720402956,0.0014891237951815165,1587843552.0,200425.0,153912.0,6.117655277252197,7.688059329986572,0.25326165556907654,72.38298797607422,7.075490951538086,0.10814052820205688,108.1405258178711,-0.1592888981103897,97.29120635986328,11.61124324798584
1587843553.1842859,43.4106953,-72.0357626,1605595666.82296,224.21,1587843553.2266936,4.500424861907959,1587843553.471354,15.699999809265137,1587843553.068286,-0.39988122142930416,-0.24697167600396563,1587843553.223286,0.49323468894827244,-0.1940910100329693,0.01352468877226689,-0.041256487369537354,0.08792581409215927,0.0081987865269184,1587843553.0,200425.0,153913.0,6.117655277252197,7.694309711456299,0.2532825767993927,72.38262939453125,7.075592994689941,0.1081220880150795,108.12208557128906,-0.14679789543151855,97.24832153320312,11.602940559387207
1587843556.1842859,43.4106874,-72.0357783,1605595667.522776,222.23,1587843555.9458477,4.329930782318115,1587843556.106464,-1.0,1587843556.068286,-0.40144668368497793,-0.3145481841599682,1587843556.223286,0.5029324235516105,-0.18165767624600304,0.022020489550597187,0.035659290850162506,0.001449311152100563,-0.0003524317871779205,1587843556.0,200425.0,153916.0,6.117655277252197,7.686163425445557,0.25335100293159485,72.31233215332031,7.076070308685303,0.10804081708192825,108.04081726074219,-0.14076945185661316,97.03408813476562,11.576322555541992
1587843557.1842859,43.4106848,-72.0357836,1605595667.623806,222.4,1587843556.9458354,4.790707111358643,1587843557.408398,-1.0,1587843557.068286,-0.42642897602632146,-0.31473533072272486,1587843557.223286,0.5000009631779151,-0.15331671719332352,0.02482210675252142,-0.03334043174982071,-0.00013999454677104766,0.01512606255710125,1587843557.0,200425.0,153917.0,6.117655277252197,7.675709247589111,0.2532810866832733,72.29460906982422,7.07622766494751,0.10804208368062973,108.04208374023438,-0.14118891954421997,96.96312713623047,11.569269180297852
1587843559.1842859,43.4106787,-72.0357939,1605595668.023424,224.26,1587843558.945903,4.741248607635498,1587843559.148616,-1.0,1587843559.068286,-0.3704863533878568,-0.30518824019507707,1587843559.2042859,0.51200005981233,-0.11208281853848757,-0.0075247521734429605,-0.0018991902470588684,0.0018030665814876556,-4.793191328644775e-05,1587843559.0,200425.0,153919.0,6.117655277252197,7.6486735343933105,0.25322845578193665,72.21467590332031,7.076476097106934,0.10800385475158691,108.00385284423828,-0.1269780844449997,96.80083465576172,11.55660343170166
1587843560.6832857,43.410674,-72.0358016,1605595668.423405,227.34,1587843560.9448292,4.334132671356201,1587843560.506567,-1.0,1587843560.6682858,-0.39921269416153093,-0.3010468814325967,1587843560.7052858,0.513295838256039,-0.12942270097094113,0.03835846955948855,0.05612699314951897,-0.018367078155279163,-0.016025952994823452,1587843561.0,200425.0,153921.0,6.117655277252197,7.612076282501221,0.25315752625465393,72.12796783447266,7.076777935028076,0.1079854667186737,107.98546600341797,-0.12188530713319778,96.64141845703125,11.546730041503906
1587843562.1842859,43.4106697,-72.0358096,1605595668.623335,228.3,1587843561.9448571,3.809957265853882,1587843561.732247,-1.0,1587843562.0702858,-0.42349812029295103,-0.30174383524495935,1587843562.223286,0.5221623994156888,-0.13369559451142274,0.03407451846241088,-0.017958488315343857,-0.02351055294275284,-0.03574157878756523,1587843562.0,200425.0,153922.0,6.117655277252197,7.592905044555664,0.2531029284000397,72.0813980102539,7.0769572257995605,0.10798315703868866,107.983154296875,-0.11636926978826523,96.55917358398438,11.542362213134766
1587843563.1842859,43.4106672,-72.035815,1605595668.822627,229.13,1587843562.944859,4.315974235534668,1587843563.00663,-1.0,1587843563.0702858,-0.4379774251858687,-0.28031370824052976,1587843563.223286,0.5004740286354303,-0.14643096458766006,0.07008611684264746,0.0026089269667863846,-0.026357881724834442,-0.012360722757875916,1587843563.0,200425.0,153923.0,6.117655277252197,7.569137096405029,0.2531026303768158,72.04756927490234,7.077136039733887,0.10799664258956909,107.99664306640625,-0.11576514691114426,96.49420166015625,11.540228843688965
1587843564.1842859,43.4106647,-72.0358204,1605595669.022839,229.8,1587843563.9448702,4.24561071395874,1587843564.132358,-1.0,1587843564.0702858,-0.421190980401694,-0.23021328812268801,1587843564.2042859,0.523515306262502,-0.14649064065201642,0.03684194695880172,-0.015297407284379005,-0.058536890894174576,-0.02011987939476966,1587843564.0,200425.0,153924.0,6.117655277252197,7.547776699066162,0.25305062532424927,72.00808715820312,7.077319145202637,0.10801279544830322,108.0127944946289,-0.12619692087173462,96.42194366455078,11.538272857666016
1587843565.1842859,43.4106625,-72.0358259,1605595669.222888,229.96,1587843564.9439676,4.164050102233887,1587843565.30639,-1.0,1587843565.0702858,-0.46739646564823606,-0.2498810595053922,1587843565.223286,0.496215034620061,-0.1543398489802289,0.02014733070287316,0.10520029067993164,0.057387977838516235,-0.01019329763948918,1587843565.0,200425.0,153925.0,6.117655277252197,7.523172378540039,0.25313618779182434,71.9745101928711,7.077456474304199,0.10802912712097168,108.02912902832031,-0.12859110534191132,96.37353515625,11.537936210632324
1587843567.1852858,43.4106584,-72.0358375,1605595669.623539,229.29,1587843566.9438596,4.60811185836792,1587843566.813255,-1.0,1587843567.0702858,-0.47394404103437443,-0.3343307433784802,1587843567.2042859,0.5011883135050718,-0.1842127030000025,-0.020394811885205758,0.018109068274497986,0.0016157440841197974,0.005230099894106388,1587843567.0,200425.0,153927.0,6.117655277252197,7.47368049621582,0.2531556785106659,71.88719940185547,7.077784061431885,0.10804995149374008,108.0499496459961,-0.1413000226020813,96.22689819335938,11.534274101257324
1587843568.1842859,43.4106561,-72.0358432,1605595669.823583,228.92,1587843567.943904,4.3707804679870605,1587843568.142136,-1.0,1587843568.0702858,-0.4714918383278379,-0.32030523940490874,1587843568.2042859,0.4877745581038946,-0.17821490966173734,0.06533815630726775,-0.0274454765021801,0.035822197794914246,0.0006467441562563138,1587843568.0,200425.0,153928.0,6.117655277252197,7.448781967163086,0.2531620264053345,71.85091400146484,7.077935218811035,0.10808359086513519,108.08358764648438,-0.14624647796154022,96.1653060913086,11.534806251525879
1587843572.1842859,43.4106468,-72.0358662,1605595670.622436,226.66,1587843571.943809,4.646653175354004,1587843571.71319,30.799999237060547,1587843572.0702858,-0.4435303203310499,-0.25175554601048267,1587843572.2042859,0.49732637218138875,-0.1678703218583551,0.026540789573361305,0.05384420230984688,0.11694880574941635,0.033139839768409715,1587843572.0,200425.0,153932.0,6.117655277252197,7.349489688873291,0.2531331777572632,71.74475860595703,7.078419208526611,0.10823266953229904,108.232666015625,-0.16324512660503387,96.0351333618164,11.548222541809082
1587843573.1842859,43.4106446,-72.0358723,1605595670.822325,226.22,1587843572.943872,4.21454381942749,1587843573.106539,29.5,1587843573.0702858,-0.3764860108120262,-0.20774571875936912,1587843573.223286,0.49297504563837385,-0.21511955990546208,0.023456279928796894,0.018470317125320435,0.0027288161218166364,0.009803439490497112,1587843573.0,200425.0,153933.0,6.117655277252197,7.329283237457275,0.25312015414237976,71.73157501220703,7.078524112701416,0.10826834291219711,108.26834106445312,-0.16784699261188507,96.0201644897461,11.552765846252441
1587843574.1842859,43.410642,-72.0358782,1605595671.022601,226.01,1587843574.2248943,3.9594244956970215,1587843574.477484,31.399999618530273,1587843574.0702858,-0.5061465786437537,-0.2832236588408927,1587843574.223286,0.5042128711923226,-0.18786075271583252,0.01625667008110869,0.05022107809782028,-0.07410173863172531,0.007117534987628469,1587843574.0,200425.0,153934.0,6.117655277252197,7.313270568847656,0.2531440556049347,71.72183227539062,7.0786285400390625,0.10831110924482346,108.31111145019531,-0.1642175316810608,96.00330352783203,11.55584716796875
1587843576.1842859,43.4106368,-72.0358901,1605595671.422166,225.49,1587843575.942938,4.162042617797852,1587843575.859731,30.5,1587843576.0702858,-0.43222129124647124,-0.3401246174466546,1587843576.223286,0.5070165899405896,-0.2089385668316277,0.00035353075120926267,-0.05912313982844353,-0.01928326115012169,0.004806800745427611,1587843576.0,200425.0,153936.0,6.117655277252197,7.282568454742432,0.25319263339042664,71.69194793701172,7.07893705368042,0.10836194455623627,108.36194610595703,-0.16344386339187622,95.97846221923828,11.56273078918457
1587843577.1842859,43.410634,-72.0358958,1605595671.622225,225.53,1587843576.9429145,4.669853687286377,1587843577.242038,28.799999237060547,1587843577.0702858,-0.44119213914625743,-0.2936826456492611,1587843577.2052858,0.5269830167925389,-0.177849330134862,0.051514732929008274,0.005375610664486885,0.005522640421986582,0.011706984601914883,1587843577.0,200425.0,153937.0,6.117655277252197,7.2684712409973145,0.25317296385765076,71.68666076660156,7.07916259765625,0.1083931028842926,108.39310455322266,-0.16346068680286407,95.9869613647461,11.567634582519531
